Season,Team0,Team1,DayDate,Seed,Site,MOV,FG2M,FG2A,FG3M,FG3A,FT1M,FT1A,ORB,DRB,AST,TOVR,STL,BLK,PFL,Outcome
2003,1411,1421,2003-03-18,0,0,-8,-3,-2,1,2,-3,5,3,-2,-1,3,0,-3,0,1
2003,1112,1436,2003-03-20,-15,0,29,11,2,3,7,4,7,3,10,10,-1,0,4,-7,0
2003,1113,1272,2003-03-20,3,0,13,6,-10,-1,-14,2,1,-10,5,7,-3,5,-1,1,0
2003,1141,1166,2003-03-20,5,0,6,2,-7,-4,-10,6,8,-3,3,-5,-3,7,-5,-2,0
2003,1143,1301,2003-03-20,-1,0,2,2,8,-2,-1,0,3,8,-6,1,-1,3,-6,-5,0
2003,1140,1163,2003-03-20,-7,0,-5,3,12,-2,3,-9,-14,3,-3,3,-3,5,-4,6,1
2003,1161,1181,2003-03-20,-11,0,-10,-1,0,-1,-2,-7,-9,-2,-3,4,3,-5,-4,-4,1
2003,1153,1211,2003-03-20,1,0,-5,6,19,4,13,-21,-27,5,-6,1,-2,5,4,9,1
2003,1228,1443,2003-03-20,-9,0,5,2,-2,-3,-10,4,1,-2,5,5,0,5,-1,-2,0
2003,1242,1429,2003-03-20,-13,0,3,5,-5,-4,-11,-3,1,-6,1,0,-2,2,3,2,0
2003,1221,1266,2003-03-20,-11,0,-4,2,3,-4,-1,-4,2,3,0,0,-1,0,-2,-3,1
2003,1281,1356,2003-03-20,-5,0,1,2,-13,-3,-6,0,-3,-2,14,-12,10,-2,6,0,0
2003,1323,1454,2003-03-20,-7,0,1,0,-12,-5,-10,6,5,-3,10,-8,8,-5,3,-6,0
2003,1328,1354,2003-03-20,-15,0,17,3,0,4,-2,7,16,4,2,8,-4,1,1,-11,0
2003,1360,1390,2003-03-20,-9,0,-8,-9,-3,-4,-6,14,17,5,-4,-9,-3,-1,-8,-6,1
2003,1173,1409,2003-03-20,9,0,-13,-5,9,1,16,-4,-4,4,-10,-7,-1,-3,2,8,1
2003,1451,1458,2003-03-20,-7,0,-7,-2,13,1,8,-4,-7,12,-3,-7,1,-3,-2,4,1
2003,1120,1386,2003-03-21,3,0,2,3,-2,1,-6,-5,-3,-1,3,0,3,-4,1,-3,0
2003,1139,1280,2003-03-21,7,0,1,2,3,-1,-3,-2,-6,-1,-3,-5,-2,-3,-4,2,0
2003,1196,1358,2003-03-21,-13,0,30,13,4,7,10,-3,-4,-3,6,14,-6,5,-1,-1,0
2003,1104,1231,2003-03-21,-3,0,-5,3,3,-2,-6,-9,-10,-4,-2,-2,0,1,4,4,1
2003,1237,1246,2003-03-21,-15,0,-31,-18,-5,-6,-5,11,11,5,-7,-12,6,0,-3,-2,1
2003,1122,1257,2003-03-21,-9,0,-22,-11,-16,-6,-3,6,9,-7,-8,-7,6,-7,-1,-4,1
2003,1268,1423,2003-03-21,-5,0,2,7,-1,-3,-10,-9,-11,-2,8,1,5,-4,2,1,0
2003,1160,1277,2003-03-21,-3,0,-15,0,4,-2,1,-13,-8,2,-5,-7,2,1,7,1,1
2003,1329,1335,2003-03-21,-5,0,14,7,9,-1,2,1,12,8,2,-2,-7,7,0,-3,0
2003,1338,1447,2003-03-21,-13,0,26,12,8,2,-5,0,3,1,3,9,-10,8,4,-1,0
2003,1261,1345,2003-03-21,1,0,-24,-7,8,-3,10,-7,-2,9,-7,0,-3,-2,2,-5,1
2003,1264,1393,2003-03-21,-11,0,-11,-8,9,2,10,3,3,3,-14,0,-7,4,-7,-3,1
2003,1400,1421,2003-03-21,-15,0,21,8,0,1,-5,4,8,6,12,10,3,-3,-1,0,0
2003,1332,1428,2003-03-21,1,0,-2,1,-6,-6,-6,2,6,0,6,0,2,-1,-2,0,1
2003,1190,1448,2003-03-21,-13,0,-3,-5,-9,-1,-13,8,8,-6,-4,-6,-4,4,-5,1,1
2003,1407,1462,2003-03-21,-11,0,-12,-3,1,5,9,-11,-12,-5,-9,-6,-1,1,2,8,1
2003,1112,1211,2003-03-22,-8,0,1,0,-3,-4,-6,5,8,2,2,-2,-2,2,-1,-5,0
2003,1163,1390,2003-03-22,1,0,11,4,6,-2,-13,5,4,6,4,0,-2,2,-5,-5,0
2003,1141,1181,2003-03-22,-8,0,-26,-11,5,-2,2,-2,-2,10,-4,-6,10,-11,-7,-4,1
2003,1113,1242,2003-03-22,-8,0,-32,-12,10,-1,6,-7,-11,5,-14,-10,-2,1,-1,1,1
2003,1266,1281,2003-03-22,-3,0,9,4,-10,-3,-18,4,1,-10,5,-1,0,2,-4,3,0
2003,1228,1323,2003-03-22,1,0,-8,-3,2,-8,-7,6,11,5,-1,0,-2,1,-1,-3,1
2003,1143,1328,2003-03-22,-7,0,-9,1,1,-2,3,-9,-12,-7,-5,-10,-3,3,2,8,1
2003,1409,1458,2003-03-22,-8,0,-1,4,2,-3,-11,-6,-12,1,8,0,6,-4,0,5,1
2003,1120,1448,2003-03-23,8,0,6,6,7,-4,-4,-2,-1,0,-2,6,-4,2,-1,-5,0
2003,1139,1257,2003-03-23,8,0,8,-1,-2,3,-3,7,15,2,-1,8,-2,-2,0,-10,0
2003,1246,1428,2003-03-23,-8,0,20,7,7,0,-1,6,2,5,8,3,-3,-3,1,-3,0
2003,1268,1462,2003-03-23,3,0,13,10,1,-4,-5,-3,-7,-1,12,7,1,0,6,5,0
2003,1196,1277,2003-03-23,5,0,-22,-9,-2,-1,5,-3,-6,-1,-7,-6,4,-3,1,2,1
2003,1231,1338,2003-03-23,-5,0,-22,-6,-3,2,8,-12,-18,-5,-6,-2,5,-6,1,4,1
2003,1329,1393,2003-03-23,-3,0,-12,-4,6,-2,7,-2,1,6,-6,0,5,-3,-5,0,1
2003,1345,1400,2003-03-23,-8,0,-10,-2,0,0,5,-6,-2,0,-5,2,0,3,2,3,1
2003,1112,1323,2003-03-27,-4,0,17,11,17,-3,-9,-2,-7,5,3,4,-9,6,1,1,0
2003,1181,1242,2003-03-27,-1,0,-4,-4,-2,9,14,-5,-9,-7,-7,-3,-3,2,2,2,1
2003,1246,1458,2003-03-27,-4,0,6,5,4,-7,-16,3,8,5,2,0,-1,3,3,-3,0
2003,1266,1338,2003-03-27,1,0,3,-1,-1,2,-2,3,7,0,-2,-2,-2,1,-1,-1,0
2003,1268,1277,2003-03-28,1,0,-2,-2,-2,-4,-1,6,6,-2,-2,-2,-3,4,1,-5,1
2003,1139,1328,2003-03-28,-11,0,-11,-8,-12,0,3,5,5,-12,-6,-5,0,1,1,0,1
2003,1120,1393,2003-03-28,-7,0,-1,-2,-3,5,8,-2,-4,-1,5,1,7,-4,-2,2,1
2003,1163,1400,2003-03-28,-4,0,-4,6,2,-1,-5,-15,-11,-7,-4,0,1,2,3,0,1
2003,1112,1242,2003-03-29,1,0,-3,-6,-12,2,-4,7,5,-4,4,0,4,-5,-3,-3,1
2003,1246,1266,2003-03-29,2,0,-14,-6,9,-6,-3,4,9,10,-10,-7,-4,4,-4,-3,1
2003,1328,1393,2003-03-30,2,0,-16,-7,10,3,16,-5,-8,2,-14,-6,-5,0,2,3,1
2003,1277,1400,2003-03-30,-6,0,-9,0,3,2,2,-11,-12,4,6,-5,8,-5,-2,6,1
2003,1242,1266,2003-04-05,-1,0,33,15,-3,5,3,-2,-1,-2,15,15,1,1,2,-2,0
2003,1393,1400,2003-04-05,2,0,11,5,-7,-3,-8,4,-1,-8,11,-6,-1,3,0,-5,0
2003,1242,1393,2003-04-07,1,0,-3,1,8,-7,2,2,13,15,1,5,1,-1,-3,-6,1
2004,1197,1250,2004-03-16,0,0,15,7,2,-1,-10,2,4,-2,4,-1,-5,1,-1,-5,0
2004,1104,1356,2004-03-18,-1,0,1,0,-6,-5,-6,6,11,1,4,-8,2,3,1,-7,0
2004,1163,1436,2004-03-18,-13,0,17,7,-8,-5,-18,8,17,0,13,4,1,-1,2,-11,0
2004,1173,1177,2004-03-18,-3,0,-7,3,20,-2,7,-11,-17,7,-6,-2,-1,1,0,10,1
2004,1106,1181,2004-03-18,-15,0,-35,-10,-9,-2,-6,-13,-14,-8,-7,-12,7,-7,-3,1,1
2004,1211,1434,2004-03-18,-13,0,27,11,-9,-3,-10,8,14,0,15,11,2,0,5,-6,0
2004,1196,1264,2004-03-18,7,0,-15,-5,-15,-3,-2,-2,1,-9,-1,-6,4,-4,0,-3,1
2004,1268,1431,2004-03-18,-9,0,3,0,3,3,1,0,7,7,1,4,0,5,4,-5,0
2004,1277,1305,2004-03-18,3,0,-6,3,9,-2,-6,-10,-11,1,-3,4,-3,3,-2,9,1
2004,1102,1314,2004-03-18,-5,0,-11,-5,-14,4,12,-5,-5,-12,-2,3,3,-3,1,0,1
2004,1112,1371,2004-03-18,-1,0,-4,1,-5,-3,-11,-3,-5,-5,1,0,4,-2,3,-4,1
2004,1251,1386,2004-03-18,-15,0,-19,-5,-9,-2,-3,-7,-10,-3,3,-1,12,-8,-2,5,1
2004,1390,1427,2004-03-18,-15,0,26,12,-9,4,-1,-2,-6,-11,12,9,1,3,6,5,0
2004,1140,1393,2004-03-18,-7,0,-5,2,9,-1,10,-8,-9,10,3,7,2,0,-3,8,1
2004,1343,1400,2004-03-18,-11,0,-17,-5,1,-6,11,-1,-2,-8,-12,1,-6,2,-1,2,1
2004,1150,1403,2004-03-18,-1,0,-3,-4,-1,2,13,3,3,-1,-2,-3,-2,4,2,4,1
2004,1433,1448,2004-03-18,-9,0,-1,1,3,5,4,-8,-14,-2,-3,1,6,0,2,6,1
2004,1130,1428,2004-03-19,-5,0,7,4,-6,0,-14,-1,1,-5,4,8,0,2,3,1,0
2004,1153,1190,2004-03-19,-9,0,3,0,-12,7,9,-4,-9,-5,12,8,11,-8,8,5,0
2004,1210,1320,2004-03-19,-11,0,5,4,1,-4,-9,1,2,5,4,-5,2,2,2,-2,0
2004,1228,1293,2004-03-19,-7,0,19,10,11,1,4,-2,-4,7,10,11,-2,1,3,4,0
2004,1227,1242,2004-03-19,-9,0,-25,-4,25,-2,4,-15,-26,5,-20,-8,-10,3,-8,6,1
2004,1197,1246,2004-03-19,-15,0,-20,-5,4,0,2,-10,-11,-1,-12,-10,0,5,-4,4,1
2004,1272,1376,2004-03-19,-3,0,16,8,17,7,14,-7,-9,10,1,7,-3,-2,0,1,0
2004,1280,1284,2004-03-19,-13,0,33,12,5,-1,-5,10,8,10,17,7,0,5,3,-5,0
2004,1301,1418,2004-03-19,-11,0,9,2,0,0,-5,5,1,2,3,1,0,-4,-2,-1,0
2004,1186,1329,2004-03-19,-13,0,-19,-9,4,1,13,-2,-3,1,-11,4,-1,-4,-3,-1,1
2004,1334,1344,2004-03-19,7,0,8,1,-11,0,-12,6,12,-8,1,5,-3,3,-1,-7,0
2004,1338,1416,2004-03-19,-11,0,9,-3,-8,0,-4,15,21,1,3,-3,-1,2,1,-7,0
2004,1412,1449,2004-03-19,1,0,2,-5,1,3,6,9,10,1,-5,4,-4,2,-3,-4,0
2004,1435,1444,2004-03-19,-5,0,13,4,-17,9,0,-4,2,-10,7,6,5,-4,4,-4,0
2004,1350,1458,2004-03-19,-5,0,-12,0,3,-1,-2,-11,-11,2,-2,3,5,1,0,8,1
2004,1257,1462,2004-03-19,-3,0,-10,2,17,1,14,-15,-16,1,-14,3,-5,1,0,11,1
2004,1104,1390,2004-03-20,7,0,3,-10,-30,-3,-5,26,33,-17,-3,-4,-4,4,8,-15,0
2004,1163,1177,2004-03-20,-5,0,17,6,1,0,1,5,10,4,5,3,-3,4,5,-5,0
2004,1181,1371,2004-03-20,-7,0,28,2,-9,1,-6,23,22,3,15,5,0,-1,3,-9,0
2004,1211,1305,2004-03-20,8,0,-19,-2,11,-5,5,-10,-11,5,-9,-9,2,0,-3,5,1
2004,1386,1403,2004-03-20,-7,0,5,2,4,9,19,-8,-9,2,0,-3,4,-3,-2,5,0
2004,1268,1393,2004-03-20,1,0,-2,-2,-3,-1,0,3,0,0,2,2,5,-2,1,1,1
2004,1314,1400,2004-03-20,-3,0,-3,-2,10,4,15,-3,-4,7,-6,4,0,0,0,2,1
2004,1264,1448,2004-03-20,-8,0,-4,0,6,-1,0,-3,-4,0,-5,0,-2,0,1,5,1
2004,1130,1210,2004-03-21,-3,0,-3,-3,-7,-1,-5,4,9,3,3,-1,5,-1,1,-3,1
2004,1153,1228,2004-03-21,1,0,-24,-8,3,-4,-3,-4,-3,12,1,-12,9,-8,4,0,1
2004,1242,1334,2004-03-21,-8,0,15,6,6,-1,-5,4,6,6,7,-2,-1,5,2,-3,0
2004,1272,1329,2004-03-21,-5,0,-17,-8,3,1,5,-2,-3,-3,-9,-9,-5,-2,2,-1,1
2004,1338,1458,2004-03-21,-3,0,4,4,11,-6,-8,2,2,8,1,1,-4,3,0,-3,0
2004,1246,1412,2004-03-21,8,0,-1,-3,-6,-1,2,6,5,2,6,-6,4,-5,3,-3,1
2004,1301,1435,2004-03-21,3,0,-2,4,8,3,6,-13,-13,3,1,-2,-2,-3,-1,7,1
2004,1280,1462,2004-03-21,5,0,-15,-4,17,-4,7,-3,-2,12,-10,0,-5,8,-6,7,1
2004,1104,1393,2004-03-25,3,0,9,0,-3,4,8,5,3,-6,-2,10,-9,6,2,-3,0
2004,1163,1435,2004-03-25,-4,0,20,7,-6,-2,-7,8,7,5,18,3,7,-2,4,-4,0
2004,1329,1338,2004-03-25,-1,0,12,1,-13,1,-9,9,6,-10,7,5,-2,1,4,-2,0
2004,1386,1448,2004-03-25,-3,0,4,2,7,4,8,-4,-2,3,-1,0,-4,2,4,-1,0
2004,1181,1228,2004-03-26,-4,0,10,2,-13,2,5,4,4,-9,2,2,1,5,3,-1,0
2004,1210,1305,2004-03-26,-7,0,5,5,-6,1,-2,-6,-2,-3,7,5,5,5,2,0,0
2004,1242,1412,2004-03-26,-5,0,26,7,-15,-4,-23,16,20,-4,16,9,5,-4,-1,-8,0
2004,1400,1462,2004-03-26,4,0,-8,3,4,-1,-9,-13,-18,-2,-2,-1,1,-5,3,5,1
2004,1104,1163,2004-03-27,-6,0,-16,-4,0,-4,2,-4,-11,-3,-4,-3,2,-1,-2,5,1
2004,1329,1386,2004-03-27,1,0,2,3,-4,-4,-9,0,2,6,12,-2,8,-6,3,2,0
2004,1181,1462,2004-03-28,-6,0,3,-1,-9,5,5,0,-3,-6,5,7,1,1,7,2,0
2004,1210,1242,2004-03-28,-1,0,8,-1,-9,-3,-3,13,15,-1,4,-1,-3,5,0,-9,0
2004,1163,1181,2004-04-03,1,0,1,-3,-19,0,-11,7,9,-4,11,-2,9,-3,3,-4,0
2004,1210,1329,2004-04-03,1,0,2,2,-1,3,2,-5,-9,-5,1,6,-1,4,4,4,0
2004,1163,1210,2004-04-05,-1,0,9,-1,-10,-2,-5,13,18,0,7,1,2,-5,1,-8,0
2005,1105,1324,2005-03-15,0,0,-10,-6,2,3,13,-1,-2,-4,-10,2,-3,4,1,3,1
2005,1112,1429,2005-03-17,-11,0,13,3,-6,-1,-5,8,8,-3,4,-6,-1,-3,3,-4,0
2005,1130,1335,2005-03-17,-9,0,20,5,-19,-2,-18,12,15,-8,15,7,2,-3,4,-5,0
2005,1153,1234,2005-03-17,-3,0,12,7,-2,4,1,-6,-3,-7,0,13,-3,-1,7,-1,0
2005,1211,1457,2005-03-17,-11,0,10,5,-1,-5,-10,5,10,1,3,-3,-3,1,5,-5,0
2005,1192,1228,2005-03-17,-15,0,-12,0,3,-2,-5,-10,-10,7,5,-5,9,-2,1,6,1
2005,1184,1246,2005-03-17,-13,0,-8,0,8,4,7,-12,-15,4,0,3,3,-4,-3,9,1
2005,1305,1400,2005-03-17,1,0,4,-1,-6,-2,4,8,12,3,6,9,3,-1,1,-2,0
2005,1310,1328,2005-03-17,-11,0,-17,-10,-6,3,15,0,0,-3,-8,-4,2,-1,-1,2,1
2005,1334,1338,2005-03-17,-1,0,8,1,-4,2,-3,4,5,0,5,5,2,-5,-2,-2,0
2005,1403,1417,2005-03-17,-5,0,12,6,-8,-3,-13,3,1,-5,10,5,1,2,0,-1,0
2005,1261,1412,2005-03-17,5,0,-14,-4,5,-1,15,-5,-14,5,2,-5,6,-2,3,3,1
2005,1428,1431,2005-03-17,-5,0,6,-1,-4,4,15,4,11,10,8,2,8,1,3,-7,0
2005,1151,1448,2005-03-17,-13,0,-16,-3,-6,-2,-8,-8,-12,-4,2,-4,7,-5,-1,7,1
2005,1285,1449,2005-03-17,-15,0,-11,1,7,0,1,-13,-14,3,-2,-4,2,-4,-1,2,1
2005,1166,1452,2005-03-17,-3,0,-2,-1,4,0,0,0,0,2,-4,-7,1,-4,-1,1,1
2005,1104,1454,2005-03-17,7,0,-10,0,0,-3,2,-7,-12,4,8,-3,12,-3,2,2,1
2005,1137,1242,2005-03-18,11,0,1,2,9,7,20,-10,-11,1,-5,3,-4,5,-2,6,0
2005,1163,1416,2005-03-18,-13,0,6,8,-3,-8,-22,-2,4,2,12,1,3,-3,0,-8,0
2005,1175,1181,2005-03-18,-15,0,-11,3,13,-1,-5,-16,-23,4,-6,1,3,-2,-5,8,1
2005,1196,1325,2005-03-18,-9,0,5,3,8,-2,5,1,-7,1,-2,7,-4,3,3,0,0
2005,1203,1210,2005-03-18,-7,0,-12,1,9,-1,0,-13,-6,2,-10,8,-3,-1,1,-2,1
2005,1235,1278,2005-03-18,1,0,11,4,-6,-3,-15,6,9,-5,3,3,-4,3,7,-1,0
2005,1257,1418,2005-03-18,-9,0,6,-2,4,2,10,8,9,3,-4,-2,-7,-2,2,-2,0
2005,1277,1330,2005-03-18,-7,0,8,3,-10,-4,-6,6,10,-5,5,-2,-2,0,0,-7,0
2005,1280,1390,2005-03-18,1,0,23,8,-6,5,-1,2,1,-2,11,4,4,-3,3,0,0
2005,1150,1301,2005-03-18,3,0,-12,-3,-1,4,2,-10,-8,1,2,-3,4,-6,-6,8,1
2005,1314,1324,2005-03-18,-15,0,28,12,0,6,4,-2,1,4,13,15,5,0,3,-3,0
2005,1329,1368,2005-03-18,-13,0,13,-2,-8,1,-3,16,19,3,8,3,0,-1,-1,-9,0
2005,1356,1388,2005-03-18,-3,0,9,8,10,0,-8,-7,-8,-4,-5,9,-10,6,0,5,0
2005,1393,1436,2005-03-18,9,0,-3,1,-4,-4,-9,-1,-2,1,6,-6,8,-1,3,0,1
2005,1307,1437,2005-03-18,-7,0,-8,2,4,-4,-4,-8,-12,-6,-6,-3,-3,-3,0,5,1
2005,1320,1458,2005-03-18,-5,0,-5,2,5,-7,-9,-2,-2,3,2,-6,0,1,0,2,1
2005,1112,1412,2005-03-19,-8,0,22,9,-7,1,-8,3,5,-4,11,1,2,-2,5,-8,0
2005,1228,1305,2005-03-19,-8,0,12,6,-5,-1,3,1,-5,-6,6,8,2,-1,2,1,0
2005,1153,1246,2005-03-19,-5,0,-9,-5,12,0,14,1,1,9,-8,-6,-5,-3,-1,2,1
2005,1211,1403,2005-03-19,3,0,-2,0,3,-2,2,0,2,9,3,-4,6,-5,0,3,1
2005,1328,1428,2005-03-19,3,0,-9,-1,29,-3,11,-4,-9,10,-16,-12,-13,6,1,5,1
2005,1334,1449,2005-03-19,-7,0,-18,-6,3,-1,1,-5,-2,5,-9,-4,1,2,-2,-2,1
2005,1448,1452,2005-03-19,5,0,-6,-1,1,2,2,-6,-3,7,4,3,7,2,-2,2,1
2005,1130,1454,2005-03-19,8,0,-8,-3,-5,-7,-13,5,13,5,5,-1,6,-5,-3,-4,1
2005,1181,1280,2005-03-20,-8,0,8,-1,-12,4,8,6,0,-5,9,-1,6,1,1,3,0
2005,1210,1257,2005-03-20,-1,0,-22,-2,11,-4,-5,-14,-18,-2,-13,1,-4,6,-7,6,1
2005,1277,1436,2005-03-20,-8,0,11,5,-14,-5,-10,6,8,-11,9,7,0,0,4,-3,0
2005,1163,1301,2005-03-20,8,0,-3,2,2,-8,-6,1,1,2,3,-4,1,-7,0,-2,1
2005,1235,1314,2005-03-20,-8,0,-27,-4,11,-4,-12,-15,-20,5,-8,0,4,-6,-2,5,1
2005,1329,1356,2005-03-20,-5,0,8,2,-10,0,-7,4,3,-4,6,4,3,-5,0,-5,0
2005,1196,1437,2005-03-20,1,0,-11,-4,-6,4,7,-7,-10,-7,-3,-1,5,-5,0,7,1
2005,1137,1458,2005-03-20,-8,0,-9,2,4,-2,-2,-11,-15,-1,0,-1,3,-1,1,12,1
2005,1112,1329,2005-03-24,1,0,1,2,-19,-3,-9,0,4,-8,12,0,6,-7,5,0,0
2005,1228,1454,2005-03-24,-11,0,14,6,0,2,-9,0,-3,-5,3,8,-3,3,-1,8,0
2005,1257,1449,2005-03-24,3,0,14,3,-11,5,1,3,0,-3,14,2,6,-1,4,-7,0
2005,1403,1452,2005-03-24,1,0,-5,0,5,-8,-14,3,3,4,-1,-4,-2,6,-2,0,1
2005,1246,1428,2005-03-25,-4,0,10,7,-2,0,3,-4,-9,-5,5,0,2,1,2,5,0
2005,1181,1277,2005-03-25,4,0,-10,-5,-14,2,9,-2,1,-7,2,-4,6,-2,2,0,1
2005,1314,1437,2005-03-25,-4,0,1,-3,-13,0,-9,7,5,-2,11,4,8,-2,-2,3,0
2005,1301,1458,2005-03-25,-4,0,-9,-2,8,5,12,-10,-12,-2,-12,5,-5,8,5,11,1
2005,1112,1228,2005-03-26,-2,0,-1,0,-10,-9,-17,8,6,-2,7,0,4,-1,6,-8,1
2005,1257,1452,2005-03-26,-3,0,8,6,11,-7,1,3,10,11,4,-4,-3,3,2,-1,0
2005,1246,1277,2005-03-27,3,0,-6,1,5,-1,0,-7,-7,-1,-2,-1,-2,1,0,5,1
2005,1314,1458,2005-03-27,-5,0,6,4,3,-6,-8,4,5,2,2,2,-3,0,5,-2,0
2005,1228,1257,2005-04-02,-3,0,15,6,2,6,10,-3,-4,3,9,11,2,-1,-4,-1,0
2005,1277,1314,2005-04-02,-4,0,-16,-10,3,1,3,3,1,2,-11,-3,-1,5,-2,2,1
2005,1228,1314,2005-04-04,0,0,-5,0,18,3,24,-8,-13,9,-4,6,-2,4,-1,5,1
2006,1214,1284,2006-03-14,0,0,-22,-8,2,-6,-11,0,4,8,-4,-14,4,2,-6,0,1
2006,1104,1266,2006-03-16,3,0,5,-4,-6,5,1,8,12,3,1,2,2,-5,-1,-5,0
2006,1130,1334,2006-03-16,-9,0,12,3,-6,-4,-2,10,11,-7,0,4,-7,8,0,-6,0
2006,1181,1380,2006-03-16,-15,0,16,2,-13,1,2,11,10,-7,10,7,4,-5,4,-9,0
2006,1196,1375,2006-03-16,-11,0,26,10,4,1,5,5,4,1,7,13,-5,1,4,-8,0
2006,1203,1423,2006-03-16,-1,0,3,-1,12,-1,0,6,4,7,-6,-4,-5,4,0,-2,0
2006,1211,1462,2006-03-16,-11,0,4,5,-1,-4,-16,-2,-6,-2,4,-3,2,0,3,5,0
2006,1102,1228,2006-03-16,-9,0,-9,-8,-9,5,5,2,4,-6,-7,-2,0,1,0,-4,1
2006,1231,1361,2006-03-16,-5,0,4,4,16,-2,8,-2,1,5,-10,-1,-7,4,-2,-3,0
2006,1233,1261,2006-03-16,-9,0,-16,-4,10,-2,8,-6,-2,4,-14,-10,-3,2,-8,2,1
2006,1285,1305,2006-03-16,7,0,8,-4,-14,1,-6,15,17,-7,3,3,-1,-3,-5,-11,0
2006,1397,1457,2006-03-16,-13,0,2,2,-3,-2,-3,0,-3,-4,2,-2,-2,-1,3,0,0
2006,1393,1401,2006-03-16,7,0,-8,0,-5,-3,-1,-5,-1,-3,0,-2,2,-2,-3,-3,1
2006,1125,1417,2006-03-16,-13,0,-34,-13,3,0,6,-8,-4,0,-18,-11,0,-3,-1,2,1
2006,1429,1449,2006-03-16,-7,0,-14,-3,-8,-9,-14,1,2,4,9,-2,15,-8,1,0,1
2006,1328,1454,2006-03-16,5,0,-8,7,6,-1,-6,-21,-24,0,3,5,6,0,3,10,1
2006,1371,1455,2006-03-16,-3,0,-20,-6,4,-4,-2,-4,-13,-3,-5,-9,-2,4,3,4,1
2006,1112,1458,2006-03-17,-1,0,19,10,1,-5,-10,4,1,-1,10,0,-1,5,3,2,0
2006,1133,1242,2006-03-17,9,0,4,-3,-6,4,3,6,13,0,-1,6,-2,-6,0,-8,0
2006,1116,1137,2006-03-17,1,0,-4,2,3,-9,-9,1,6,4,-1,3,-1,-6,2,-2,1
2006,1107,1163,2006-03-17,-15,0,-13,-3,6,-4,-1,-3,-5,1,-7,-5,-4,5,-4,5,1
2006,1206,1277,2006-03-17,5,0,10,3,-11,-5,-14,9,21,4,12,-10,4,2,4,-13,0
2006,1207,1320,2006-03-17,-3,0,5,3,-2,-2,-7,1,2,-1,2,5,1,0,1,-3,0
2006,1246,1412,2006-03-17,-1,0,5,-6,3,0,1,17,13,7,2,-5,-2,-3,-4,-4,0
2006,1272,1331,2006-03-17,-15,0,16,9,8,4,7,-6,-4,5,4,2,0,6,-2,4,0
2006,1143,1301,2006-03-17,3,0,-6,-1,5,0,0,-4,-7,2,-1,-1,2,2,0,3,1
2006,1293,1314,2006-03-17,-11,0,-4,3,17,2,9,-12,-13,5,-9,-10,-4,-1,-1,7,1
2006,1234,1322,2006-03-17,11,0,-1,-5,-19,-3,-5,12,12,-5,10,-7,8,-5,1,-4,1
2006,1172,1326,2006-03-17,-13,0,-8,0,3,0,0,-8,-16,-1,2,3,5,-1,-1,7,1
2006,1245,1338,2006-03-17,-7,0,-15,-8,13,3,8,-2,-2,10,-9,-6,-2,2,-6,6,1
2006,1335,1400,2006-03-17,-13,0,-8,-1,8,8,17,-14,-13,-3,-18,3,-3,0,-5,6,1
2006,1284,1437,2006-03-17,-15,0,-13,-2,-11,-3,-8,-6,-6,-9,0,5,5,-6,2,0,1
2006,1356,1452,2006-03-17,-5,0,-18,-2,-3,-7,-19,-7,-7,-3,-2,-3,4,-1,-1,4,1
2006,1130,1285,2006-03-18,-8,0,13,7,8,1,-3,-2,-2,9,6,-3,1,-1,6,-2,0
2006,1181,1203,2006-03-18,-7,0,13,0,-24,1,-2,12,18,-10,10,2,4,-4,7,-14,0
2006,1196,1454,2006-03-18,-8,0,22,8,-5,1,0,5,2,-4,12,7,-1,0,4,1,0
2006,1211,1231,2006-03-18,-3,0,10,-3,-8,-14,-25,30,35,0,3,-5,-6,7,-1,-15,0
2006,1261,1401,2006-03-18,-8,0,1,-3,1,-4,-1,11,11,2,-3,-4,-4,-3,3,-10,0
2006,1104,1417,2006-03-18,-8,0,-3,-5,-8,-7,-14,14,12,3,6,-7,4,2,-1,-5,1
2006,1228,1449,2006-03-18,1,0,-3,8,18,0,3,-19,-28,2,-2,7,1,-1,-5,11,1
2006,1397,1455,2006-03-18,5,0,-7,3,19,1,14,-14,-16,9,-5,-1,-3,6,5,8,1
2006,1133,1338,2006-03-19,8,0,6,-3,-2,-4,-14,16,21,4,-2,3,-6,6,0,-7,0
2006,1163,1246,2006-03-19,-7,0,4,2,0,-4,-11,4,12,2,-1,1,-2,0,0,-5,0
2006,1206,1314,2006-03-19,8,0,5,0,-6,-6,-14,11,15,-2,0,-2,-5,4,-8,-7,0
2006,1207,1326,2006-03-19,5,0,18,8,11,1,-2,1,3,9,4,8,-3,2,1,-4,0
2006,1137,1272,2006-03-19,-8,0,-16,-8,-7,-5,-4,5,3,4,4,-7,10,-6,-2,0,1
2006,1301,1400,2006-03-19,-8,0,-21,-4,0,-5,3,-8,-7,-3,-7,-7,3,-1,0,3,1
2006,1112,1437,2006-03-19,-7,0,-4,0,13,-4,-2,0,0,8,-5,2,-3,1,-2,0,1
2006,1322,1452,2006-03-19,-8,0,-13,3,9,-1,-2,-18,-22,9,4,2,10,-6,1,9,1
2006,1181,1261,2006-03-23,3,0,-8,-6,4,3,19,1,-7,1,-2,-2,1,2,-4,2,1
2006,1133,1272,2006-03-23,-12,0,-16,-11,0,-1,1,7,9,3,-9,-5,4,-6,-4,0,1
2006,1400,1452,2006-03-23,-4,0,3,3,3,-11,-14,8,12,14,15,0,5,5,0,-2,0
2006,1211,1417,2006-03-23,-1,0,-2,1,-6,-3,-11,-1,-4,-1,6,2,7,-2,0,0,1
2006,1163,1449,2006-03-24,-4,0,6,-7,-29,4,-1,16,24,-7,11,6,9,-12,2,-13,0
2006,1196,1207,2006-03-24,-4,0,4,-2,-9,0,-8,8,9,-4,3,-8,0,-4,4,-2,0
2006,1206,1455,2006-03-24,4,0,8,0,-20,5,-8,3,6,-15,4,4,0,1,4,-5,0
2006,1130,1437,2006-03-24,-3,0,-1,2,-11,1,0,-6,-3,-4,7,9,10,-6,4,0,1
2006,1261,1400,2006-03-25,2,0,10,7,-3,-7,-11,3,5,-5,2,4,-2,1,0,-3,0
2006,1272,1417,2006-03-25,1,0,-5,3,14,0,9,-11,-24,3,2,-2,1,4,-1,15,1
2006,1196,1437,2006-03-26,2,0,13,4,-19,0,-6,5,4,-7,20,6,10,-4,2,-2,0
2006,1163,1206,2006-03-26,10,0,-2,1,6,-2,4,-2,-6,-1,-2,2,-2,0,5,3,1
2006,1196,1206,2006-04-01,-8,0,15,0,-3,10,14,5,5,5,8,2,4,-3,2,-3,0
2006,1261,1417,2006-04-01,-2,0,-14,-5,-1,-5,-12,1,11,-1,-8,-6,-2,-1,2,-6,1
2006,1196,1417,2006-04-03,1,0,16,4,-3,3,2,5,6,-5,0,10,-6,4,9,-9,0
2007,1197,1310,2007-03-13,0,0,-8,5,2,-4,-10,-14,-10,-2,2,3,2,1,1,9,1
2007,1130,1403,2007-03-15,-3,0,9,0,-8,1,3,8,11,0,8,5,2,-1,9,-5,0
2007,1139,1330,2007-03-15,-7,0,11,1,-9,5,4,4,9,-3,4,7,0,-2,-1,-6,0
2007,1125,1207,2007-03-15,-13,0,-25,-9,3,-1,10,-6,-3,3,-12,-7,0,-3,-3,0,1
2007,1211,1231,2007-03-15,-3,0,-13,-4,-2,-2,-6,-3,0,-6,-9,-1,-3,3,3,3,1
2007,1257,1390,2007-03-15,-5,0,20,4,0,4,5,8,1,-9,-2,2,-8,9,0,3,0
2007,1172,1268,2007-03-15,-9,0,-12,-7,2,4,20,-2,-5,-6,-13,-2,-5,5,-2,2,1
2007,1266,1277,2007-03-15,1,0,-12,-7,6,6,19,-4,0,8,-7,-10,0,0,1,1,1
2007,1184,1314,2007-03-15,-15,0,-21,-9,2,0,9,-3,-5,-5,-17,-10,-6,5,-5,5,1
2007,1148,1326,2007-03-15,-15,0,-21,-9,-1,-1,6,-2,-8,-3,-5,-6,2,-1,1,7,1
2007,1338,1460,2007-03-15,-11,0,21,7,-14,5,1,2,2,-5,19,9,9,-6,6,-3,0
2007,1335,1401,2007-03-15,-11,0,-16,-3,7,-1,7,-9,-19,-3,-10,-2,2,-2,-4,6,1
2007,1417,1451,2007-03-15,-13,0,28,14,20,9,13,-9,-13,7,3,10,-4,1,2,5,0
2007,1181,1433,2007-03-15,5,0,-2,1,-3,-6,-5,2,8,4,7,-3,6,-8,5,-7,1
2007,1203,1435,2007-03-15,-5,0,-33,-13,-13,-9,-17,2,9,-1,-4,-16,9,-3,2,-6,1
2007,1331,1450,2007-03-15,-11,0,-16,-8,-4,1,8,-1,4,3,-5,-1,6,0,-4,-3,1
2007,1140,1462,2007-03-15,1,0,-2,5,11,1,2,-13,-16,2,-3,-2,0,-1,-2,4,1
2007,1196,1238,2007-03-16,-15,0,43,18,4,4,6,3,13,17,26,17,4,-3,5,-7,0
2007,1242,1310,2007-03-16,-15,0,40,19,8,11,3,-9,-8,-3,10,20,-9,2,6,9,0
2007,1246,1437,2007-03-16,-1,0,9,2,-11,-2,-2,7,11,0,7,4,3,0,3,-4,0
2007,1272,1317,2007-03-16,-13,0,15,6,9,0,6,3,5,9,2,0,-3,0,3,-6,0
2007,1166,1305,2007-03-16,-3,0,-6,2,9,-4,-1,-6,-5,-4,-13,-4,-13,8,-8,1,1
2007,1275,1332,2007-03-16,-11,0,-2,2,0,2,4,-8,-7,-1,1,0,2,-2,3,3,1
2007,1112,1345,2007-03-16,1,0,-9,-3,-12,-1,-2,-2,-11,-10,3,6,9,-6,5,5,1
2007,1221,1356,2007-03-16,-9,0,-10,-4,1,-1,-1,-1,1,2,0,-1,2,0,-3,2,1
2007,1253,1397,2007-03-16,-7,0,-35,-11,-8,-2,-6,-11,-16,-7,-8,-14,7,-9,-1,3,1
2007,1308,1400,2007-03-16,-9,0,-12,0,11,3,9,-15,-14,7,-3,3,2,-3,-4,8,1
2007,1210,1424,2007-03-16,-3,0,-4,6,1,-5,-19,-11,-10,-3,0,-4,2,1,-1,3,1
2007,1116,1425,2007-03-16,-7,0,-17,-4,7,-1,7,-8,-5,1,-14,-5,-1,-3,-2,2,1
2007,1107,1438,2007-03-16,-9,0,-27,-8,2,-1,9,-10,-11,-3,-13,0,1,-1,-1,5,1
2007,1228,1439,2007-03-16,-7,0,-2,4,3,0,3,-10,-13,5,10,1,12,-8,-3,10,1
2007,1323,1457,2007-03-16,5,0,-10,0,5,-4,1,-6,-6,2,-4,-10,0,5,-4,6,1
2007,1394,1458,2007-03-16,-13,0,-13,-2,-9,-1,-8,-8,-5,-4,4,3,7,-3,1,5,1
2007,1139,1268,2007-03-17,1,0,3,0,3,6,15,-3,-9,-6,-8,1,-5,6,-8,2,0
2007,1130,1207,2007-03-17,-5,0,-7,-1,3,2,5,-7,-8,-1,-4,-3,-1,0,-4,3,1
2007,1277,1314,2007-03-17,-8,0,-14,-3,7,2,4,-10,-17,-3,-8,3,0,-1,-3,10,1
2007,1326,1462,2007-03-17,-8,0,7,0,2,1,-2,6,4,7,10,-3,5,1,4,-2,0
2007,1338,1433,2007-03-17,-8,0,5,2,-14,-1,-11,2,10,-1,9,7,9,-4,3,-5,0
2007,1257,1401,2007-03-17,-3,0,-3,1,4,0,10,-5,-8,2,3,-4,3,-3,6,5,1
2007,1231,1417,2007-03-17,-5,0,-5,0,5,3,7,-8,-3,4,-4,-2,2,-2,2,0,1
2007,1435,1450,2007-03-17,3,0,4,0,3,3,8,1,1,2,1,-3,-2,2,-2,1,0
2007,1196,1345,2007-03-18,-8,0,7,-7,-17,0,1,21,18,-4,7,-4,3,-5,3,-9,0
2007,1242,1246,2007-03-18,-7,0,12,6,-5,0,-10,0,0,-6,4,2,-1,2,3,-1,0
2007,1272,1305,2007-03-18,-5,0,16,2,2,1,-4,11,17,6,4,-6,-4,2,0,-6,0
2007,1332,1457,2007-03-18,-8,0,14,3,-5,3,-8,5,4,-8,1,-5,-5,0,-3,-1,0
2007,1356,1439,2007-03-18,-1,0,15,0,-3,10,8,5,7,1,0,8,-2,2,1,-2,0
2007,1397,1438,2007-03-18,1,0,3,4,6,4,0,-9,-4,6,4,7,4,2,-5,-1,0
2007,1424,1458,2007-03-18,5,0,6,3,1,5,-1,-5,-7,-1,3,-2,1,-3,1,1,0
2007,1400,1425,2007-03-18,1,0,-19,-3,5,1,12,-14,-22,-2,-6,-3,4,-3,1,11,1
2007,1242,1356,2007-03-22,-3,0,3,4,-15,-5,-19,0,5,-11,6,7,4,3,-1,-5,0
2007,1272,1401,2007-03-22,-1,0,1,-5,-5,2,7,9,11,-1,-4,-6,0,-2,6,-5,0
2007,1326,1397,2007-03-22,-4,0,1,-3,-11,-8,-9,15,18,-2,1,-1,1,-1,4,-7,0
2007,1338,1417,2007-03-22,-1,0,-9,2,13,2,3,-15,-12,2,-8,3,-4,4,0,5,1
2007,1139,1196,2007-03-23,-4,0,-8,3,16,-1,0,-13,-15,5,-7,-1,-4,6,-6,9,1
2007,1207,1435,2007-03-23,-4,0,1,4,5,-1,-8,-6,-6,8,6,-3,6,-2,-1,2,0
2007,1314,1425,2007-03-23,-4,0,10,4,16,-3,-4,5,8,10,-3,-2,-9,1,-3,-5,0
2007,1332,1424,2007-03-23,-4,0,4,-5,-26,4,-10,10,10,-12,11,-2,9,-4,0,-1,0
2007,1272,1326,2007-03-24,-1,0,-16,0,14,5,5,-21,-21,6,-5,1,3,-3,1,14,1
2007,1242,1417,2007-03-24,1,0,-13,-1,11,-4,-9,-7,-7,4,-7,5,-4,2,3,5,1
2007,1196,1332,2007-03-25,-2,0,8,-4,-10,3,2,13,27,7,8,-3,5,-3,3,-16,0
2007,1207,1314,2007-03-25,1,0,12,13,-5,3,-6,-17,-16,-10,5,11,1,-1,7,-1,0
2007,1196,1417,2007-03-31,-1,0,10,-1,-19,4,-1,8,18,2,15,-2,13,-4,6,-9,0
2007,1207,1326,2007-03-31,-1,0,-7,0,-6,3,7,-10,-11,-7,0,4,6,-5,0,5,1
2007,1196,1326,2007-04-02,0,0,9,-4,-11,6,-5,11,8,0,10,1,8,-6,-1,-1,0
2008,1164,1291,2008-03-18,0,0,-9,6,2,-1,-3,-20,-19,-5,-2,-1,0,-5,3,6,1
2008,1125,1181,2008-03-20,-13,0,-1,1,1,2,2,-5,-6,-4,-3,3,-1,-4,0,4,1
2008,1242,1340,2008-03-20,-15,0,24,12,6,3,0,-3,1,2,5,10,-5,2,0,-3,0
2008,1243,1425,2008-03-20,5,0,13,8,10,1,4,-4,-1,12,5,3,2,1,-3,-3,0
2008,1246,1266,2008-03-20,-5,0,-8,0,-4,3,7,-11,-12,-6,-2,3,5,-1,2,4,1
2008,1277,1396,2008-03-20,-7,0,11,5,-2,-2,-8,3,-1,-1,9,6,1,-3,0,6,0
2008,1206,1323,2008-03-20,-7,0,-18,-7,0,-6,-4,2,3,0,-8,-6,-2,1,-3,-1,1
2008,1331,1338,2008-03-20,-9,0,-19,-10,-6,1,0,0,2,-5,-12,-7,1,1,4,-2,1
2008,1124,1345,2008-03-20,-5,0,-11,-5,2,-1,8,0,2,0,-6,-3,-2,3,-5,-3,1
2008,1165,1390,2008-03-20,-11,0,-24,-13,3,0,8,2,3,-3,-19,-13,-8,3,-4,2,1
2008,1140,1401,2008-03-20,1,0,-5,-1,8,-1,6,-2,-3,-1,-11,-5,-6,4,1,0,1
2008,1290,1417,2008-03-20,-15,0,-41,-14,9,-7,-6,-6,-5,3,-21,-13,-1,0,-8,0,1
2008,1245,1424,2008-03-20,-1,0,-13,-8,2,-1,-1,4,6,5,-7,-7,1,-1,-6,-2,1
2008,1450,1457,2008-03-20,-9,0,31,13,-3,-2,-6,7,5,2,17,13,3,-1,-1,-2,0
2008,1112,1452,2008-03-20,-3,0,-10,-7,-9,-5,-4,9,12,0,0,-4,3,-3,0,-3,1
2008,1168,1458,2008-03-20,-11,0,-15,-4,-1,4,5,-11,-12,-11,-12,-6,-3,1,-7,14,1
2008,1208,1462,2008-03-20,-11,0,-12,6,8,0,0,-24,-28,0,1,-1,6,-5,2,10,1
2008,1116,1231,2008-03-21,1,0,14,-2,-16,-2,-7,20,21,-5,9,0,2,-3,1,-5,0
2008,1139,1375,2008-03-21,-3,0,20,6,5,9,8,-1,-14,-6,4,10,-3,4,-3,2,0
2008,1172,1211,2008-03-21,3,0,6,0,2,-1,-5,7,7,-1,-4,4,-5,-2,0,-1,0
2008,1207,1420,2008-03-21,-13,0,19,10,1,0,-3,-1,1,2,9,6,3,-6,2,-4,0
2008,1129,1257,2008-03-21,-11,0,-18,-3,2,-8,-7,-4,-6,4,0,0,3,-5,-6,-4,1
2008,1272,1426,2008-03-21,-15,0,24,4,-1,5,7,11,14,4,6,2,-2,2,2,-5,0
2008,1274,1388,2008-03-21,-3,0,14,6,4,-3,-10,5,-2,3,11,-1,2,1,0,0,0
2008,1280,1332,2008-03-21,-1,0,7,2,-13,-5,-21,8,17,-3,7,3,2,-1,4,-11,0
2008,1291,1314,2008-03-21,-15,0,-39,-15,-6,0,6,-9,-11,-9,-17,-9,6,-4,-3,2,1
2008,1328,1386,2008-03-21,-5,0,8,0,-7,0,0,8,12,-3,4,3,-3,1,2,-4,0
2008,1163,1360,2008-03-21,9,0,-1,-6,-7,-1,-6,12,13,4,6,1,4,-6,0,-5,1
2008,1373,1435,2008-03-21,9,0,21,1,-15,5,0,14,13,-9,7,4,1,1,0,-8,0
2008,1110,1397,2008-03-21,-13,0,-15,-1,13,3,6,-16,-19,12,0,-4,8,-7,0,10,1
2008,1122,1400,2008-03-21,-13,0,-20,-10,4,-4,1,4,3,3,-12,-7,-4,2,-5,3,1
2008,1155,1437,2008-03-21,7,0,-6,1,16,2,20,-10,-6,7,-12,1,-5,2,2,9,1
2008,1179,1443,2008-03-21,7,0,-2,-11,1,2,14,18,19,6,-8,0,-7,3,0,-8,1
2008,1242,1424,2008-03-22,-7,0,19,17,5,0,-9,-15,-15,-2,12,3,0,1,0,6,0
2008,1277,1338,2008-03-22,1,0,11,8,0,4,-7,-9,-10,1,10,8,6,-7,-6,1,0
2008,1266,1390,2008-03-22,-3,0,-1,3,13,3,16,-10,-16,6,1,-8,1,-1,-1,10,1
2008,1401,1417,2008-03-22,-8,0,-2,3,7,-4,-8,-4,-4,2,-2,5,-3,-5,-9,-1,1
2008,1323,1450,2008-03-22,-1,0,-20,-11,-1,-1,0,3,-1,4,-3,-7,6,-5,1,1,1
2008,1181,1452,2008-03-22,5,0,-6,-6,-12,1,11,5,10,-12,-8,-6,-4,5,-2,-2,1
2008,1243,1458,2008-03-22,-8,0,-17,-3,7,-9,-9,-2,-8,8,2,-6,3,1,1,5,1
2008,1345,1462,2008-03-22,-3,0,-7,-1,17,3,9,-8,-10,8,-5,-3,-4,3,1,9,1
2008,1172,1207,2008-03-23,8,0,4,-4,16,-4,10,16,13,5,-7,-1,-15,4,-3,-7,0
2008,1257,1328,2008-03-23,-3,0,30,17,7,4,-1,-8,-4,0,5,15,-4,4,0,0,0
2008,1272,1280,2008-03-23,-7,0,3,2,3,-2,-3,1,12,8,0,10,-3,1,4,-7,0
2008,1116,1314,2008-03-23,-8,0,-31,-16,-6,-3,2,4,6,3,-8,-17,2,2,-2,-5,1
2008,1139,1397,2008-03-23,-5,0,-5,-4,2,4,7,-1,-1,-1,-6,-1,-6,6,-2,1,1
2008,1274,1400,2008-03-23,-5,0,-3,-3,-2,-4,-4,7,1,-8,-3,-7,-4,1,-4,0,1
2008,1373,1437,2008-03-23,-1,0,-12,-10,0,0,8,8,15,4,-7,-6,-2,0,2,-8,1
2008,1360,1443,2008-03-23,-1,0,-9,-4,-5,-2,-1,1,7,0,-1,0,3,-5,-4,1,1
2008,1257,1397,2008-03-27,1,0,19,7,-6,-1,-6,6,5,1,14,2,3,-5,6,-3,0
2008,1314,1450,2008-03-27,-3,0,21,7,1,3,-1,4,4,5,9,2,3,-1,0,-2,0
2008,1417,1443,2008-03-27,-11,0,10,4,-14,-5,-15,7,9,-1,16,5,8,-5,4,-2,0
2008,1452,1462,2008-03-27,-4,0,-4,0,7,-10,-8,6,6,2,-5,0,-4,2,1,-4,1
2008,1172,1458,2008-03-28,7,0,17,9,7,4,1,-5,-9,-3,0,9,-5,7,-3,6,0
2008,1242,1437,2008-03-28,-11,0,15,3,-14,5,2,4,2,-8,11,11,4,-2,3,1,0
2008,1272,1277,2008-03-28,-4,0,18,2,0,-1,-5,15,18,6,5,-5,-3,7,4,-12,0
2008,1390,1400,2008-03-28,-1,0,-20,-10,0,-1,-5,1,0,5,-5,-3,4,-2,-1,0,1
2008,1257,1314,2008-03-29,-2,0,-10,-2,-3,3,8,-9,-5,-2,-4,-1,5,-2,5,2,1
2008,1417,1462,2008-03-29,-2,0,19,7,-6,3,-4,2,2,-1,10,5,5,0,5,4,0
2008,1172,1242,2008-03-30,-9,0,-2,-1,5,3,13,-3,-2,-1,-7,5,-5,2,-3,-1,1
2008,1272,1400,2008-03-30,-1,0,18,1,-17,-6,-17,22,27,-6,9,5,-1,-1,1,-12,0
2008,1242,1314,2008-04-05,0,0,18,10,-3,0,-9,-2,-1,-2,11,10,1,3,6,7,0
2008,1272,1417,2008-04-05,0,0,15,3,0,0,-1,9,10,3,4,2,-3,1,2,-3,0
2008,1242,1272,2008-04-07,0,0,7,4,-7,-3,-10,2,-4,-2,13,0,4,0,-2,1,0
2009,1106,1287,2009-03-17,0,0,-15,0,8,-2,0,-13,-13,-7,-16,-9,-8,1,4,4,1
2009,1151,1163,2009-03-19,-15,0,-56,-20,-5,-1,1,-15,-29,-8,-16,-17,9,-7,-4,16,1
2009,1127,1181,2009-03-19,-13,0,-24,-1,-6,-2,-5,-20,-20,-11,-7,-12,3,3,1,7,1
2009,1103,1211,2009-03-19,-9,0,-13,-2,13,5,8,-14,-13,4,-12,0,0,-5,-4,5,1
2009,1139,1261,2009-03-19,-1,0,-4,-5,-3,2,9,4,5,4,0,-2,4,-8,-7,0,1
2009,1143,1268,2009-03-19,3,0,-13,-6,-4,1,8,-2,-5,-2,1,-6,5,-3,1,5,1
2009,1169,1272,2009-03-19,-13,0,-11,-5,-5,-4,-10,3,-1,-2,-1,-9,3,-6,-1,2,1
2009,1155,1276,2009-03-19,3,0,-3,1,14,-5,-4,0,-1,12,-1,-2,-3,3,4,8,1
2009,1314,1347,2009-03-19,-15,0,43,16,4,0,-3,11,10,0,11,8,-6,2,2,-4,0
2009,1288,1328,2009-03-19,-13,0,-28,-7,29,2,11,-16,-24,13,-22,-5,-8,4,-5,13,1
2009,1320,1345,2009-03-19,-7,0,-5,-1,2,4,7,-7,-11,-1,-1,2,4,-2,0,7,1
2009,1278,1400,2009-03-19,-3,0,-14,-5,-3,-7,-7,3,0,-6,-5,0,-2,0,1,2,1
2009,1140,1401,2009-03-19,1,0,-13,-7,7,1,-1,0,-1,0,-9,-5,-4,9,-5,5,1
2009,1417,1433,2009-03-19,-5,0,1,1,3,0,-3,-1,-6,-1,3,-5,0,4,-3,3,0
2009,1110,1437,2009-03-19,-11,0,-13,3,12,4,13,-23,-24,-3,-11,1,-4,0,-7,12,1
2009,1228,1443,2009-03-19,7,0,-4,4,7,-4,-1,-8,-15,-4,-4,1,-3,1,-1,12,1
2009,1280,1449,2009-03-19,-9,0,-13,-7,-4,3,9,-2,-2,-3,-7,-8,2,0,5,1,1
2009,1112,1428,2009-03-20,7,0,13,3,-9,-4,-20,11,15,-5,4,-5,-6,6,-1,-7,0
2009,1113,1396,2009-03-20,-5,0,9,1,-12,2,-3,5,7,-6,4,-1,2,-1,-3,-2,0
2009,1156,1448,2009-03-20,9,0,15,5,15,1,2,4,5,4,-5,5,-12,5,-12,-3,0
2009,1173,1452,2009-03-20,5,0,8,7,5,-1,-10,-5,-2,-2,-3,4,-2,3,-2,1,0
2009,1242,1295,2009-03-20,-11,0,10,6,2,-6,-12,4,5,1,4,8,-4,2,-2,-4,0
2009,1257,1287,2009-03-20,-15,0,20,9,-2,6,13,-4,-3,-5,7,7,-1,5,3,6,0
2009,1266,1429,2009-03-20,-5,0,1,-5,-6,-2,-4,13,15,3,3,-4,0,2,-1,-7,0
2009,1277,1352,2009-03-20,-13,0,15,3,0,-1,-4,10,10,9,12,-1,4,-2,-3,-2,0
2009,1165,1281,2009-03-20,-11,0,-19,-5,5,1,1,-10,-7,8,-5,-8,5,-3,-1,4,1
2009,1329,1397,2009-03-20,-1,0,2,6,-3,-4,-12,-6,-8,-3,6,-3,1,1,-1,3,0
2009,1190,1338,2009-03-20,-15,0,-10,-1,20,-3,3,-5,1,11,-14,-4,-9,1,0,1,1
2009,1326,1373,2009-03-20,1,0,-2,0,-12,1,1,-3,-5,-14,-2,2,-2,-4,4,3,1
2009,1372,1393,2009-03-20,-11,0,-15,-7,18,0,5,-1,0,2,-23,-4,-15,7,-10,-1,1
2009,1130,1425,2009-03-20,3,0,-17,-9,4,2,14,-1,-5,2,-7,-6,2,-2,-3,3,1
2009,1199,1458,2009-03-20,7,0,-2,-2,-8,-5,-14,7,6,-1,8,-4,6,2,2,0,1
2009,1340,1462,2009-03-20,-9,0,-18,-7,-8,0,2,-4,-2,-6,-7,0,4,1,0,1,1
2009,1163,1401,2009-03-21,-8,0,26,7,-6,2,-5,10,10,0,11,3,2,0,2,-5,0
2009,1181,1400,2009-03-21,-5,0,5,-2,3,4,2,5,2,-1,-4,1,-6,3,-1,-3,0
2009,1211,1443,2009-03-21,-8,0,2,-2,-2,-3,-4,9,5,-1,1,4,0,0,-1,-8,0
2009,1268,1272,2009-03-21,-8,0,-19,-4,9,-5,-5,-6,-3,3,-11,-12,-6,2,0,0,1
2009,1261,1314,2009-03-21,-7,0,-14,-3,5,3,9,-11,-12,5,-4,-1,5,-6,-1,7,1
2009,1276,1328,2009-03-21,-8,0,-10,-3,5,4,8,-8,-16,1,-2,-6,3,0,-3,10,1
2009,1345,1449,2009-03-21,1,0,2,-3,-3,3,4,5,4,-1,1,2,2,1,4,1,0
2009,1417,1437,2009-03-21,-3,0,-20,-11,-20,1,-1,1,3,-9,-4,-6,9,-4,2,-1,1
2009,1112,1156,2009-03-22,-1,0,14,0,-15,0,-12,14,14,-6,9,9,0,1,2,1,0
2009,1173,1242,2009-03-22,-8,0,-17,-7,19,1,3,-4,-14,6,-13,-2,-6,8,-6,12,1
2009,1257,1373,2009-03-22,-8,0,7,3,-4,2,-4,-1,3,6,9,1,8,-5,6,-1,0
2009,1277,1425,2009-03-22,-8,0,5,-1,-6,5,3,2,5,0,6,10,5,-5,-4,-3,0
2009,1266,1281,2009-03-22,-3,0,-4,-8,-4,-2,-8,14,13,6,5,-6,5,-2,-4,-6,1
2009,1329,1338,2009-03-22,-7,0,-8,-2,-3,1,0,-5,-14,-14,-6,0,-5,6,-4,9,1
2009,1113,1393,2009-03-22,-3,0,-11,-6,2,4,15,-3,1,3,-12,-1,0,-2,2,2,1
2009,1458,1462,2009-03-22,-8,0,-11,-2,10,-3,6,-4,-9,0,-7,-7,-7,1,-3,3,1
2009,1163,1345,2009-03-26,-4,0,12,1,-10,-3,-15,13,19,5,10,7,4,-1,4,-14,0
2009,1272,1281,2009-03-26,1,0,-11,2,7,-3,-1,-12,-13,3,0,-1,2,-1,3,1,1
2009,1338,1462,2009-03-26,-3,0,5,1,1,-1,-8,4,9,1,-1,0,-1,5,-4,-4,0
2009,1181,1437,2009-03-26,1,0,-23,-11,-4,1,9,-2,1,-5,-10,-2,-1,3,-3,1,1
2009,1112,1257,2009-03-27,-11,0,-39,-14,-3,-7,-5,-4,-1,4,-8,-14,5,-5,-2,-2,1
2009,1242,1277,2009-03-27,-1,0,-5,1,-6,-2,-3,-5,-4,0,6,-6,6,-6,2,1,1
2009,1211,1314,2009-03-27,-3,0,-21,-9,-10,-4,4,1,-4,-7,-4,-13,3,-2,1,2,1
2009,1328,1393,2009-03-27,-1,0,13,5,-1,2,-3,1,4,1,6,6,0,1,1,4,0
2009,1163,1281,2009-03-28,-2,0,7,-5,-23,-3,-6,20,20,-1,16,-6,11,-7,7,-11,0
2009,1338,1437,2009-03-28,2,0,-2,0,-4,-1,-2,-1,6,-3,-2,5,-2,-2,-2,-6,1
2009,1257,1277,2009-03-29,1,0,-12,-6,-5,-2,0,2,7,-2,-6,-7,0,0,4,-7,1
2009,1314,1328,2009-03-29,-1,0,12,2,-3,3,-5,5,0,-6,2,4,-4,3,2,-1,0
2009,1163,1277,2009-04-04,1,0,-9,-6,-13,-4,-13,7,13,-2,2,-10,5,-6,4,-7,1
2009,1314,1437,2009-04-04,-2,0,14,-1,-17,6,-5,10,21,-8,3,8,0,-1,3,-6,0
2009,1277,1314,2009-04-06,-1,0,-17,-6,-6,2,11,-7,-11,2,5,0,14,-8,5,6,1
2010,1115,1457,2010-03-16,0,0,17,1,-11,4,-5,11,10,-4,9,7,3,0,2,-6,0
2010,1124,1358,2010-03-18,-11,0,9,3,-9,-1,-11,4,4,0,10,-2,3,1,1,-2,0
2010,1139,1431,2010-03-18,-7,0,18,-1,-7,9,13,11,19,2,0,-1,-4,-2,0,-11,0
2010,1140,1196,2010-03-18,-3,0,7,-2,-13,0,-9,11,13,-10,-2,-4,-9,5,-2,-7,0
2010,1242,1250,2010-03-18,-15,0,16,13,7,2,2,-12,-11,1,7,6,1,4,7,2,0
2010,1243,1317,2010-03-18,-13,0,20,14,6,2,-1,-10,-11,-2,6,4,-5,7,10,8,0
2010,1190,1246,2010-03-18,-15,0,-29,-8,4,-11,-16,-2,3,4,-8,-16,0,3,-10,-1,1
2010,1293,1435,2010-03-18,9,0,1,3,10,3,3,-8,-12,5,1,-2,1,0,0,4,0
2010,1285,1307,2010-03-18,-11,0,-5,0,1,1,1,-6,-11,1,5,3,6,-3,-1,7,1
2010,1320,1424,2010-03-18,1,0,3,-5,-13,0,-3,13,11,-2,9,-1,8,-2,0,-4,0
2010,1207,1325,2010-03-18,11,0,-14,-1,6,-5,-1,-7,-7,6,-1,-1,6,-1,2,3,1
2010,1323,1330,2010-03-18,5,0,-1,1,11,3,13,-6,-9,7,0,1,2,-1,0,5,1
2010,1350,1388,2010-03-18,3,0,-9,-1,0,2,2,-9,-15,-15,-8,-1,-4,1,-1,8,1
2010,1361,1397,2010-03-18,-5,0,-3,0,0,-5,1,2,3,-2,3,0,-1,0,3,-3,1
2010,1352,1437,2010-03-18,-13,0,-3,4,4,-1,-2,-10,-14,0,6,-1,5,-3,-8,12,1
2010,1400,1448,2010-03-18,1,0,-1,-4,-1,2,6,5,9,-10,-15,-4,-15,9,0,-4,1
2010,1266,1449,2010-03-18,5,0,-2,-3,-4,3,5,1,-1,-2,-4,-5,1,4,-5,2,1
2010,1143,1257,2010-03-19,-1,0,15,0,-9,3,-4,12,13,-8,-1,4,-1,-1,2,-5,0
2010,1165,1396,2010-03-19,7,0,13,0,-4,4,6,9,10,3,7,-4,0,4,-2,-8,0
2010,1115,1181,2010-03-19,-15,0,-29,-7,6,-2,6,-13,-21,-4,-13,-4,2,2,0,7,1
2010,1210,1329,2010-03-19,3,0,5,-3,0,-4,-12,15,12,7,8,-1,2,0,0,-5,0
2010,1199,1211,2010-03-19,-1,0,-7,0,17,3,10,-10,-10,5,-11,4,-7,2,-1,3,1
2010,1222,1268,2010-03-19,-9,0,-12,-7,-8,3,3,-1,7,-8,-13,-11,-4,4,-3,-1,1
2010,1277,1308,2010-03-19,-7,0,3,-3,-4,-1,-2,10,11,-1,1,8,-2,-2,1,-1,0
2010,1155,1281,2010-03-19,3,0,-8,-2,5,7,7,-11,-15,9,2,-7,11,-13,-2,6,1
2010,1326,1364,2010-03-19,-13,0,17,1,-10,4,3,11,11,-4,7,3,0,-1,10,-4,0
2010,1324,1338,2010-03-19,-11,0,-23,-11,1,0,9,-1,-4,2,-8,-10,2,-2,0,-1,1
2010,1345,1373,2010-03-19,-9,0,8,4,-11,2,5,-2,1,-9,2,12,0,1,6,-2,0
2010,1393,1436,2010-03-19,-15,0,23,7,-11,5,0,4,1,-3,14,11,7,0,7,3,0
2010,1401,1429,2010-03-19,-7,0,16,1,-11,3,-2,11,10,-3,11,4,2,0,-2,-5,0
2010,1288,1452,2010-03-19,-13,0,-27,-6,3,-1,4,-14,-11,-1,-10,-17,3,-1,3,6,1
2010,1458,1459,2010-03-19,-9,0,4,0,6,-2,2,6,6,-1,-6,-4,-7,6,-2,-1,0
2010,1278,1462,2010-03-19,-5,0,-11,-4,-5,0,6,-3,-5,-4,-5,-1,2,-4,8,2,1
2010,1124,1330,2010-03-20,-8,0,8,5,1,2,7,-4,-5,-3,2,-1,-1,-1,3,1,0
2010,1139,1293,2010-03-20,-8,0,2,-1,6,-2,6,6,7,-4,-13,-2,-12,3,-2,-3,0
2010,1140,1243,2010-03-20,-5,0,-12,-2,-3,-6,-11,-2,-2,-6,-4,-2,-2,0,-1,4,1
2010,1246,1448,2010-03-20,-8,0,30,17,-1,5,6,-9,-9,-5,13,9,0,0,3,4,0
2010,1242,1320,2010-03-20,8,0,-2,2,-1,-3,-3,-3,-1,3,5,-2,6,-4,2,3,1
2010,1388,1437,2010-03-20,8,0,7,-1,-21,0,0,9,15,-9,10,-3,5,-3,1,-6,0
2010,1325,1397,2010-03-20,-8,0,-15,-12,-2,5,12,4,8,3,-11,-6,-2,1,-2,-5,1
2010,1307,1449,2010-03-20,8,0,-18,-6,0,-3,0,-3,-3,1,-3,-14,6,-5,-6,0,1
2010,1165,1458,2010-03-21,8,0,18,9,5,0,-10,0,-1,1,7,1,-2,2,0,-2,0
2010,1143,1181,2010-03-21,-7,0,-15,-8,-9,0,-5,1,-1,-2,1,-5,6,-1,-4,3,1
2010,1268,1277,2010-03-21,1,0,-2,-3,8,-1,1,5,6,-3,-15,2,-13,5,-5,-5,1
2010,1210,1326,2010-03-21,-8,0,-9,-1,7,-4,-1,-3,-4,5,-1,-3,3,4,-3,7,1
2010,1345,1401,2010-03-21,-1,0,2,3,-2,1,0,-5,-11,-9,3,-3,-2,4,3,5,0
2010,1211,1393,2010-03-21,-7,0,-22,-4,7,-9,-4,-5,-3,3,-14,-3,-4,4,1,1,1
2010,1281,1452,2010-03-21,-8,0,-9,1,14,2,6,-13,-13,4,-7,1,-3,2,3,7,1
2010,1338,1462,2010-03-21,3,0,-3,1,14,-1,5,-4,-5,10,-1,3,2,0,1,2,1
2010,1139,1393,2010-03-25,4,0,4,0,4,-1,5,5,7,-3,-7,-3,-11,9,1,-1,0
2010,1243,1462,2010-03-25,-4,0,5,6,6,-4,-9,-3,0,-3,-8,7,-4,-3,7,-3,0
2010,1165,1246,2010-03-25,-11,0,-17,-6,-2,3,5,-8,-13,-6,-7,-7,2,-6,-3,5,1
2010,1449,1452,2010-03-25,-9,0,-13,-4,-9,-1,-4,-4,-3,-12,-8,-3,-2,3,4,5,1
2010,1124,1388,2010-03-26,-7,0,23,9,7,2,-5,3,2,5,7,0,-3,7,-3,-3,0
2010,1181,1345,2010-03-26,-3,0,13,2,1,2,0,7,3,9,12,-1,7,-3,-4,-1,0
2010,1277,1320,2010-03-26,-4,0,7,2,0,3,3,0,-2,2,4,11,0,2,0,6,0
2010,1326,1397,2010-03-26,4,0,-3,-5,-6,5,8,2,4,-7,-5,-1,-5,0,0,-4,1
2010,1139,1243,2010-03-27,3,0,7,-1,-11,2,0,7,6,1,11,1,7,-4,-5,-3,0
2010,1246,1452,2010-03-27,1,0,-7,3,15,-6,9,-7,-5,14,1,-4,4,1,-2,5,1
2010,1124,1181,2010-03-28,-2,0,-7,5,-2,-6,-5,-11,-10,-6,0,-1,0,1,8,6,1
2010,1277,1397,2010-03-28,-1,0,1,0,5,-1,2,2,0,3,-3,1,1,2,5,5,0
2010,1139,1277,2010-04-03,0,0,2,-3,7,1,10,7,6,3,-7,-6,-8,9,-2,-4,0
2010,1181,1452,2010-04-03,-1,0,21,10,9,8,13,-7,-10,0,2,9,-4,4,-3,4,0
2010,1139,1181,2010-04-05,-4,0,-2,-3,6,1,1,3,2,3,-5,-5,-4,-1,-7,4,1
2011,1155,1412,2011-03-15,0,0,18,8,2,-8,-11,10,9,-3,3,7,-7,6,-1,2,0
2011,1114,1421,2011-03-15,0,0,-4,-3,2,5,17,-3,-2,1,-3,2,1,0,1,-1,1
2011,1106,1427,2011-03-16,0,0,-9,-1,8,3,10,-10,-18,1,-2,-1,-1,2,3,8,1
2011,1425,1433,2011-03-16,0,0,-13,-5,-21,-8,-15,5,10,-12,3,-7,6,-3,3,-4,1
2011,1139,1330,2011-03-17,-1,0,2,6,9,2,11,-12,-16,5,-2,3,0,-1,-1,4,0
2011,1140,1459,2011-03-17,-11,0,8,2,5,2,3,2,0,3,0,2,-3,5,-3,2,0
2011,1153,1281,2011-03-17,-5,0,15,5,-9,-2,-8,7,9,-2,7,-1,2,-4,-1,-3,0
2011,1137,1163,2011-03-17,-11,0,-29,-16,-15,-2,-3,5,6,-12,-14,-14,-1,-2,-5,-3,1
2011,1196,1364,2011-03-17,-13,0,28,12,6,3,4,1,-1,1,8,14,-5,4,-1,-2,0
2011,1211,1385,2011-03-17,5,0,15,1,-6,2,0,11,11,7,16,11,5,-4,-2,-7,0
2011,1243,1429,2011-03-17,-7,0,5,-1,4,-1,-1,8,7,4,0,4,-1,0,-1,-8,0
2011,1246,1343,2011-03-17,-9,0,2,0,-5,2,-3,0,4,-2,0,4,3,-3,5,-3,0
2011,1257,1287,2011-03-17,9,0,-1,1,-9,1,6,-4,-2,-11,-1,3,-2,2,6,5,1
2011,1338,1421,2011-03-17,-15,0,23,8,4,5,0,2,6,13,10,9,2,-3,-5,-5,0
2011,1350,1435,2011-03-17,7,0,3,3,10,6,11,-9,-11,-1,-8,2,-4,3,7,4,0
2011,1294,1361,2011-03-17,-13,0,-18,-8,-10,-1,0,-1,0,-6,-6,-3,5,-3,-5,-1,1
2011,1336,1396,2011-03-17,-3,0,-2,2,5,3,1,-9,-9,0,-2,2,-1,-2,-5,0,1
2011,1277,1417,2011-03-17,-3,0,-2,3,14,6,14,-14,-26,2,-5,7,0,2,0,8,1
2011,1155,1452,2011-03-17,-7,0,-8,-2,3,0,8,-4,-5,-1,-5,0,-2,-1,2,3,1
2011,1125,1458,2011-03-17,-9,0,-14,-2,9,-6,0,-4,-3,0,-11,-1,-6,4,-2,4,1
2011,1112,1272,2011-03-18,-7,0,2,-3,-3,-1,4,9,7,-2,-2,-5,-1,1,1,-3,0
2011,1181,1214,2011-03-18,-15,0,42,13,5,5,5,11,9,0,9,13,-8,7,3,-6,0
2011,1199,1401,2011-03-18,3,0,7,4,-8,-5,-10,4,1,-6,8,2,2,0,9,-2,0
2011,1206,1437,2011-03-18,-1,0,4,2,0,-3,-8,3,7,2,-1,2,0,-2,-4,-4,0
2011,1228,1424,2011-03-18,1,0,11,7,-7,0,-11,-3,-5,-3,11,11,6,-5,2,1,0
2011,1131,1242,2011-03-18,-15,0,-19,-11,-6,0,5,3,4,-5,-10,-9,-2,1,2,3,1
2011,1266,1462,2011-03-18,5,0,11,3,-6,3,-1,2,4,-6,2,2,0,3,0,-1,0
2011,1276,1397,2011-03-18,-1,0,30,18,21,6,8,-12,-15,6,4,10,-7,1,-3,4,0
2011,1254,1314,2011-03-18,-13,0,-15,-3,18,5,14,-14,-17,4,-19,-2,-4,8,-9,9,1
2011,1103,1323,2011-03-18,-13,0,-13,2,17,0,4,-17,-20,2,-11,-6,-6,1,-1,10,1
2011,1326,1427,2011-03-18,-15,0,29,11,-1,8,7,-1,1,0,9,20,0,-2,3,-4,0
2011,1345,1389,2011-03-18,-11,0,22,6,-4,0,-6,10,11,5,14,3,2,-3,1,-6,0
2011,1232,1393,2011-03-18,-11,0,-17,-1,11,0,5,-15,-17,1,-11,-4,-1,-1,-3,8,1
2011,1324,1400,2011-03-18,-9,0,-4,3,12,3,20,-13,-15,2,-6,-2,-3,3,-6,3,1
2011,1207,1433,2011-03-18,5,0,-18,2,8,-7,1,-15,-26,4,2,-2,11,-4,-3,10,1
2011,1208,1449,2011-03-18,-3,0,-3,-3,-10,1,-6,2,5,0,7,-1,10,-3,0,-6,1
2011,1139,1338,2011-03-19,7,0,1,-2,6,6,16,-1,-4,-2,-9,-9,-6,0,2,0,0
2011,1140,1211,2011-03-19,-8,0,22,7,2,12,19,-4,-6,-8,-1,-1,-7,6,1,0,0
2011,1153,1163,2011-03-19,-3,0,-11,3,11,-2,-2,-15,-16,0,-10,2,-1,2,-1,6,1
2011,1196,1417,2011-03-19,-5,0,8,4,-1,3,1,-3,-8,-6,3,1,0,-2,-1,4,0
2011,1246,1452,2011-03-19,-1,0,8,2,-3,-1,-1,5,8,0,4,3,-1,-4,4,-4,0
2011,1287,1350,2011-03-19,-1,0,-17,-8,-7,-2,-2,1,2,2,0,-11,3,-1,-1,4,1
2011,1361,1396,2011-03-19,-5,0,7,3,-1,0,-3,1,-2,0,7,0,2,3,5,-1,0
2011,1243,1458,2011-03-19,-1,0,-5,1,-2,-3,-8,-4,-1,0,2,-5,3,-1,-2,4,1
2011,1112,1400,2011-03-20,1,0,1,0,1,5,3,-4,0,1,-2,4,-1,3,-5,3,0
2011,1181,1276,2011-03-20,-7,0,2,-2,-4,-2,-1,8,14,6,5,-1,4,-6,2,-5,0
2011,1199,1323,2011-03-20,8,0,14,3,-14,2,-11,6,6,-6,8,3,4,-2,4,-7,0
2011,1228,1242,2011-03-20,-8,0,-14,-4,8,2,9,-8,-11,3,-8,-1,0,2,0,7,1
2011,1266,1393,2011-03-20,8,0,4,-5,4,0,-4,14,16,8,-2,4,-4,4,-1,-8,0
2011,1314,1449,2011-03-20,-5,0,3,-2,-6,-4,-7,11,16,-2,-1,1,-4,1,3,-11,0
2011,1206,1326,2011-03-20,-7,0,-32,-10,1,-8,-8,-4,-11,2,-6,-10,8,-3,2,6,1
2011,1345,1433,2011-03-20,8,0,-18,-7,2,0,4,-4,-3,4,-6,-6,3,-1,4,2,1
2011,1112,1181,2011-03-24,4,0,16,7,5,4,1,-2,-1,7,6,5,1,2,-3,1,0
2011,1139,1458,2011-03-24,4,0,7,2,-11,-2,-11,5,7,-2,8,-2,3,1,-1,-1,0
2011,1163,1361,2011-03-24,1,0,7,0,-7,1,-6,6,3,-6,4,-1,0,1,2,2,0
2011,1140,1196,2011-03-24,-1,0,-9,-6,6,-1,3,4,-6,2,-5,-10,-3,3,-4,7,1
2011,1242,1350,2011-03-25,-11,0,20,8,-2,5,-7,-1,-2,-1,9,13,-2,4,1,4,0
2011,1246,1326,2011-03-25,3,0,2,3,-10,0,1,-4,-8,-9,5,4,4,-3,10,4,0
2011,1266,1314,2011-03-25,-9,0,-18,-8,-11,-3,0,1,-1,-4,-2,-7,11,-7,0,1,1
2011,1199,1433,2011-03-25,1,0,-1,2,18,-5,-7,0,-2,14,1,-11,-1,-4,5,-1,1
2011,1139,1196,2011-03-26,6,0,3,-1,3,6,19,-1,5,8,-1,-2,3,-4,-2,-4,0
2011,1112,1163,2011-03-26,-2,0,-2,1,5,-1,4,-3,-2,8,3,4,4,-2,-5,-3,1
2011,1246,1314,2011-03-27,2,0,7,0,-6,9,6,-2,1,-2,0,3,1,1,0,-4,0
2011,1242,1433,2011-03-27,10,0,-10,1,9,-10,-4,-2,6,10,0,-4,1,1,5,2,1
2011,1139,1433,2011-04-02,-3,0,8,-2,1,0,1,12,13,10,6,-9,-1,2,-2,-8,0
2011,1163,1246,2011-04-02,-1,0,1,2,-13,-8,-15,5,-1,-9,10,4,5,-6,0,1,0
2011,1139,1163,2011-04-04,-5,0,-12,-7,9,8,22,-6,-2,3,-15,-1,-5,4,-8,2,1
2012,1140,1233,2012-03-13,0,0,6,-1,-8,1,-5,7,12,2,5,2,2,-1,4,-5,0
2012,1290,1443,2012-03-13,0,0,-1,3,-1,2,6,-9,-11,-16,-12,2,-11,4,-1,6,1
2012,1143,1378,2012-03-14,0,0,-11,-7,9,-2,-1,5,6,7,-8,-5,-4,-2,-2,0,1
2012,1249,1436,2012-03-14,0,0,-12,-5,10,0,2,-2,-3,10,-4,-10,2,0,-1,-2,1
2012,1124,1355,2012-03-15,-11,0,8,2,2,-2,-10,6,6,5,7,-7,-1,-1,1,-1,0
2012,1160,1424,2012-03-15,5,0,4,-1,-23,-2,-24,8,10,-3,16,-1,15,-10,-5,-4,0
2012,1211,1452,2012-03-15,-3,0,23,12,1,6,0,-7,-12,-6,6,5,0,7,-1,8,0
2012,1231,1308,2012-03-15,-9,0,13,5,5,3,1,0,0,0,-2,8,-5,7,-6,-1,0
2012,1163,1235,2012-03-15,-1,0,-13,-5,2,1,3,-4,2,-4,-13,-2,-7,5,1,2,1
2012,1243,1379,2012-03-15,-1,0,6,-1,-18,-6,-11,14,17,-8,5,4,1,-4,7,-7,0
2012,1246,1443,2012-03-15,-15,0,15,5,-9,-3,-5,8,9,-1,10,4,2,-4,7,-5,0
2012,1172,1257,2012-03-15,-9,0,-7,0,8,3,14,-10,-13,0,-4,4,0,-1,2,4,1
2012,1140,1266,2012-03-15,-11,0,-20,-7,-5,-2,-1,-4,-4,-7,-7,-3,1,1,3,2,1
2012,1161,1293,2012-03-15,-5,0,-17,-4,-3,-2,-3,-7,-17,2,6,-2,14,-3,-4,14,1
2012,1253,1307,2012-03-15,-7,0,-7,3,15,-3,-5,-10,-10,9,-4,-6,1,0,-5,3,1
2012,1259,1326,2012-03-15,-13,0,-19,-7,-4,-1,0,-4,-4,-11,-14,-2,-6,0,0,5,1
2012,1393,1421,2012-03-15,-15,0,7,4,7,-4,0,3,8,5,-4,-1,-3,2,5,-7,0
2012,1433,1455,2012-03-15,7,0,3,1,-3,1,7,0,-1,-2,3,-4,-1,0,-1,0,0
2012,1217,1435,2012-03-15,-7,0,-9,0,10,1,6,-10,-16,-2,-8,1,-6,-4,-5,3,1
2012,1285,1458,2012-03-15,-9,0,-24,-5,-1,-7,-10,-7,-4,-6,-10,-7,-2,5,-6,1,1
2012,1153,1400,2012-03-16,-5,0,6,7,2,-4,-4,-4,2,2,4,6,-2,-2,-1,1,0
2012,1104,1166,2012-03-16,-1,0,-1,0,-2,-2,-4,1,-1,-1,2,-5,2,1,1,7,1
2012,1196,1438,2012-03-16,-3,0,26,10,6,1,5,5,7,7,9,-1,-1,1,-1,-5,0
2012,1199,1382,2012-03-16,-11,0,3,1,-4,0,5,1,1,-5,-1,-3,-2,0,6,-2,0
2012,1125,1207,2012-03-16,-11,0,-15,-9,5,5,15,-2,-2,3,-11,2,-3,1,-3,5,1
2012,1178,1242,2012-03-16,-13,0,-15,-3,13,-2,1,-7,-9,9,-8,-3,0,3,-2,4,1
2012,1181,1250,2012-03-16,13,0,-5,2,6,0,8,-9,-14,4,4,0,5,-3,2,4,1
2012,1254,1277,2012-03-16,-15,0,-22,-18,-18,5,8,9,14,-11,-12,-11,0,0,4,-7,1
2012,1301,1361,2012-03-16,5,0,14,8,-8,-5,-14,3,7,-2,11,4,1,0,1,-4,0
2012,1281,1313,2012-03-16,13,0,-2,-3,-4,3,10,1,-1,-7,-5,1,-3,4,-2,-1,1
2012,1314,1436,2012-03-16,-15,0,19,2,2,2,0,13,16,-1,-4,6,-9,8,4,-9,0
2012,1276,1325,2012-03-16,9,0,-5,0,11,1,7,-6,-6,7,-4,-2,1,-4,-2,4,1
2012,1345,1388,2012-03-16,3,0,3,-1,-7,1,-9,4,5,-5,-2,-4,-1,4,-1,-1,0
2012,1378,1396,2012-03-16,7,0,14,2,8,6,5,4,5,8,1,-2,-1,4,-4,-3,0
2012,1272,1387,2012-03-16,1,0,-7,0,8,-3,2,-4,-1,2,-7,-3,-6,2,2,5,1
2012,1323,1462,2012-03-16,3,0,-4,3,5,4,11,-14,-18,-4,-5,8,1,0,0,2,1
2012,1124,1160,2012-03-17,-8,0,17,5,13,6,5,1,0,10,3,2,-2,3,1,-4,0
2012,1231,1433,2012-03-17,-8,0,2,1,-11,-3,-17,3,-2,0,13,5,11,-4,-1,-3,0
2012,1235,1246,2012-03-17,-7,0,-16,-6,5,-7,2,3,3,0,-9,-12,-4,4,-3,-1,1
2012,1257,1307,2012-03-17,-1,0,3,-1,-10,2,-8,3,4,-10,-1,-4,-2,4,3,2,0
2012,1266,1293,2012-03-17,-3,0,9,1,-9,0,-6,7,11,-8,1,4,-4,1,0,-7,0
2012,1211,1326,2012-03-17,-5,0,-7,-3,3,-1,-1,0,1,4,-1,1,-2,-3,-3,2,1
2012,1243,1393,2012-03-17,-7,0,-16,-2,22,-2,8,-10,-10,16,-7,-5,0,-1,-8,2,1
2012,1435,1458,2012-03-17,-1,0,-3,-3,-9,-5,-14,8,8,-1,6,-5,4,0,2,1,1
2012,1153,1199,2012-03-18,3,0,6,0,0,-1,-2,7,8,0,2,2,-2,8,-3,-2,0
2012,1196,1313,2012-03-18,-8,0,34,10,-13,6,4,8,12,-1,18,4,5,1,1,-9,0
2012,1242,1345,2012-03-18,-8,0,3,1,12,-2,6,3,4,9,-1,-1,-3,3,3,2,0
2012,1277,1387,2012-03-18,-8,0,4,7,-5,-3,-15,-7,-6,-3,7,3,5,-3,0,3,0
2012,1207,1301,2012-03-18,8,0,-3,1,-3,1,10,-6,-14,-9,1,2,2,1,1,9,1
2012,1166,1314,2012-03-18,-7,0,-14,-5,3,0,4,-4,-7,-2,-7,-5,0,3,-6,10,1
2012,1325,1378,2012-03-18,1,0,6,-3,-3,7,3,5,6,-3,-5,0,-1,4,-5,3,0
2012,1250,1462,2012-03-18,-5,0,-12,-3,10,-4,7,-2,-1,3,-10,-4,-6,4,-1,5,1
2012,1196,1266,2012-03-22,4,0,10,4,-6,1,6,1,-3,-5,6,4,2,-3,6,-2,0
2012,1257,1277,2012-03-22,3,0,13,7,6,4,2,-5,-1,3,0,3,-5,1,0,-4,0
2012,1153,1326,2012-03-22,-4,0,-15,-1,0,1,6,-14,-19,-4,-2,-6,7,-8,4,10,1
2012,1393,1458,2012-03-22,-3,0,1,6,0,-9,-18,-2,-3,-1,2,-10,0,2,-1,1,0
2012,1124,1462,2012-03-23,-7,0,5,5,1,2,0,-7,-10,-1,7,11,3,0,-1,2,0
2012,1242,1301,2012-03-23,-9,0,3,5,-3,-5,-7,-2,3,-1,4,3,0,2,5,-3,0
2012,1231,1246,2012-03-23,-3,0,-12,5,5,0,8,-22,-20,-3,-5,4,2,0,-2,9,1
2012,1314,1325,2012-03-23,-12,0,8,3,-6,-5,-10,7,16,15,18,1,11,-9,5,-9,0
2012,1196,1257,2012-03-24,-3,0,-4,-3,-12,2,4,0,3,-2,4,6,8,-2,0,-6,1
2012,1326,1393,2012-03-24,1,0,7,-1,-2,-2,-3,11,17,6,7,1,0,-2,-4,-9,0
2012,1242,1314,2012-03-25,1,0,13,1,-1,2,-3,9,12,3,3,-4,-2,4,-3,-1,0
2012,1124,1246,2012-03-25,-2,0,-12,1,19,0,5,-14,-25,8,-6,0,1,-4,-4,13,1
2012,1242,1326,2012-03-31,0,0,2,5,-3,-5,-11,-3,-1,2,10,3,5,-2,1,-2,0
2012,1246,1257,2012-03-31,-3,0,8,4,-20,-2,-4,2,7,-13,6,2,2,2,3,-2,0
2012,1242,1246,2012-04-02,-1,0,-8,-1,6,-1,-3,-5,-6,-1,-7,-3,-2,2,-6,1,1
2013,1251,1299,2013-03-19,0,0,-1,-4,2,2,5,5,-1,0,-3,5,2,-2,-1,-2,1
2013,1292,1388,2013-03-19,0,0,-13,1,6,-4,-2,-11,-18,-2,-3,5,2,1,3,5,1
2013,1241,1254,2013-03-20,0,0,13,5,-3,5,7,-2,-2,-2,6,6,0,-4,9,4,0
2013,1129,1247,2013-03-20,0,0,-9,-5,4,-4,-3,5,6,8,-1,-2,0,-1,0,-3,1
2013,1112,1125,2013-03-21,-5,0,17,9,0,1,-10,-2,-3,8,18,6,8,-5,5,1,0
2013,1137,1139,2013-03-21,-5,0,-12,3,7,2,-1,-20,-20,-1,-3,5,4,-6,1,8,1
2013,1143,1424,2013-03-21,7,0,3,7,0,-1,-9,-10,-10,-4,3,7,-1,4,-1,-1,0
2013,1161,1281,2013-03-21,-1,0,12,1,-6,0,-9,10,14,9,14,-3,9,-5,0,-7,0
2013,1211,1380,2013-03-21,-15,0,6,5,9,-2,-3,-2,-3,8,5,4,0,2,-8,4,0
2013,1217,1307,2013-03-21,11,0,6,1,-14,5,4,-1,-4,-13,5,3,2,-9,2,3,0
2013,1257,1299,2013-03-21,-15,0,31,14,13,-2,0,5,12,7,4,7,-11,12,2,-5,0
2013,1172,1266,2013-03-21,-11,0,-1,-1,-12,2,2,-1,3,-10,-2,7,2,-3,0,-3,1
2013,1272,1388,2013-03-21,-5,0,2,1,-9,2,0,-2,4,-5,1,3,2,5,12,-1,0
2013,1276,1355,2013-03-21,-9,0,15,5,3,5,1,0,1,0,0,-1,-3,3,3,-2,0
2013,1277,1434,2013-03-21,-11,0,11,7,4,-1,-10,-2,-3,12,14,6,10,-6,-2,4,0
2013,1329,1332,2013-03-21,7,0,-13,-2,-7,-3,-5,-6,-6,-8,-4,0,-4,0,0,4,1
2013,1308,1387,2013-03-21,-9,0,-20,-8,7,-2,5,-2,-1,11,-2,-7,6,-1,4,-3,1
2013,1285,1393,2013-03-21,-9,0,-47,-16,2,-1,20,-14,-19,3,-10,-16,9,-7,1,14,1
2013,1103,1433,2013-03-21,-7,0,-46,-20,-22,-7,-3,1,5,-4,-3,-10,15,-9,6,-5,1
2013,1338,1455,2013-03-21,1,0,-18,0,5,-1,-3,-17,-21,0,-5,-3,4,-5,4,7,1
2013,1153,1166,2013-03-22,-3,0,-4,8,22,-2,5,-18,-16,7,-8,-4,-7,7,2,10,1
2013,1107,1181,2013-03-22,-13,0,-12,-8,6,5,4,-1,-5,5,-7,-3,2,-2,-1,1,1
2013,1195,1207,2013-03-22,13,0,10,-3,-15,-1,-12,17,24,-4,4,0,-1,-1,-1,-15,0
2013,1196,1322,2013-03-22,-11,0,32,11,11,4,5,6,12,10,7,4,-7,8,-1,-7,0
2013,1160,1228,2013-03-22,-3,0,-8,1,-1,-3,-12,-7,-11,-3,2,-3,3,-3,1,8,1
2013,1231,1241,2013-03-22,-15,0,21,3,-7,1,3,14,17,1,9,10,-1,2,0,-13,0
2013,1235,1323,2013-03-22,3,0,18,7,8,5,4,-1,-1,-4,-4,10,-11,2,-1,2,0
2013,1242,1443,2013-03-22,-15,0,7,-1,-24,-3,-14,12,12,-14,8,3,7,-5,9,-9,0
2013,1243,1247,2013-03-22,9,0,-2,3,8,-3,-5,-5,1,7,-1,0,1,2,2,1,1
2013,1274,1334,2013-03-22,-13,0,29,6,-2,3,-4,14,10,0,13,3,-3,5,3,-2,0
2013,1278,1417,2013-03-22,5,0,20,11,-2,5,-6,-7,-6,-8,2,9,-4,2,1,0,0
2013,1279,1458,2013-03-22,7,0,11,7,-2,-4,-15,1,3,-3,6,-2,-1,-1,-1,-4,0
2013,1314,1437,2013-03-22,-1,0,7,-3,-12,7,0,6,8,-9,0,12,1,1,0,-8,0
2013,1233,1326,2013-03-22,-13,0,-25,-11,-6,-1,13,-2,-4,1,-5,-12,9,-4,-5,1,1
2013,1328,1361,2013-03-22,-3,0,-15,-1,2,-1,6,-12,-9,-3,-8,-5,-2,1,-1,9,1
2013,1301,1396,2013-03-22,1,0,-4,5,2,-3,-5,-11,-17,3,7,1,8,-2,-2,9,1
2013,1112,1217,2013-03-23,-8,0,23,11,-9,4,-3,-3,-3,-8,14,1,4,-3,1,6,0
2013,1161,1257,2013-03-23,-7,0,-26,-12,-15,0,3,-2,3,-3,-2,-10,11,-11,2,-5,1
2013,1139,1266,2013-03-23,-3,0,-2,1,2,6,12,-10,-8,-2,0,4,0,-2,4,3,1
2013,1276,1433,2013-03-23,-1,0,25,8,2,3,4,6,5,5,12,11,1,-2,-2,-7,0
2013,1272,1277,2013-03-23,-3,0,-22,-7,12,1,7,-9,-12,-3,-17,-6,-7,-3,-2,4,1
2013,1332,1387,2013-03-23,8,0,17,8,0,5,-10,-4,-6,3,8,7,6,0,2,4,0
2013,1143,1393,2013-03-23,-8,0,-6,4,10,0,11,-14,-22,-1,-2,7,2,-4,-1,8,1
2013,1211,1455,2013-03-23,8,0,-6,-4,9,-6,-5,8,11,11,-2,-3,-2,0,-4,-5,1
2013,1166,1181,2013-03-24,-5,0,-16,-3,4,-5,-1,-5,-10,0,-5,0,1,-5,-2,6,1
2013,1195,1361,2013-03-24,8,0,10,6,-2,-1,-5,-1,-1,-5,2,5,-4,3,-1,2,0
2013,1196,1278,2013-03-24,-8,0,14,1,-13,2,2,10,14,-7,4,2,0,3,2,-7,0
2013,1231,1396,2013-03-24,-8,0,6,-2,-17,1,-11,9,12,-10,7,1,2,-5,-2,-10,0
2013,1242,1314,2013-03-24,-7,0,12,2,-18,-1,-7,9,11,-1,15,1,11,-8,4,-9,0
2013,1247,1279,2013-03-24,1,0,2,-3,-8,5,4,3,-3,-9,-1,0,-1,3,0,1,0
2013,1228,1274,2013-03-24,-5,0,-4,1,6,-2,2,-4,-8,3,0,-5,2,-2,1,7,1
2013,1235,1326,2013-03-24,-8,0,-3,-2,3,3,7,-2,-3,9,5,2,7,-3,-2,0,1
2013,1266,1274,2013-03-28,1,0,10,5,-13,-5,-20,5,7,-5,10,2,3,0,0,-4,0
2013,1112,1326,2013-03-28,-4,0,-3,1,0,-1,5,-4,-6,-2,0,-2,3,2,-1,2,1
2013,1231,1393,2013-03-28,3,0,-11,-5,-1,-1,5,0,4,4,-2,4,4,-5,-9,1,1
2013,1247,1455,2013-03-28,-4,0,-14,-10,-11,2,6,4,7,-8,-10,-4,1,1,-6,0,1
2013,1181,1277,2013-03-29,-1,0,10,0,-1,4,6,6,2,-3,-1,2,-3,-3,1,-7,0
2013,1195,1196,2013-03-29,-12,0,-12,-2,-13,0,-4,-8,-12,-9,2,-1,10,-4,0,9,1
2013,1257,1332,2013-03-29,-11,0,8,1,-9,-1,-1,7,9,-3,2,-2,1,0,2,-3,0
2013,1242,1276,2013-03-29,3,0,-2,1,-5,-2,-7,-2,-7,-7,4,3,3,-2,7,5,1
2013,1266,1393,2013-03-30,1,0,-16,-7,3,-2,8,0,-3,8,-1,2,7,-4,-2,5,1
2013,1326,1455,2013-03-30,7,0,-4,-3,2,-3,5,5,6,-2,-1,-2,-3,-3,-1,-1,1
2013,1181,1257,2013-03-31,-1,0,-22,-10,-3,2,3,-4,-8,0,-6,3,4,-6,-7,0,1
2013,1196,1276,2013-03-31,1,0,-20,-7,-9,-8,-9,2,4,0,1,-5,4,-6,-2,-2,1
2013,1257,1455,2013-04-06,-8,0,4,0,-5,3,5,1,5,-3,0,-3,-2,3,2,3,0
2013,1276,1393,2013-04-06,0,0,5,-2,-2,5,10,4,9,3,1,4,0,-2,-1,-8,0
2013,1257,1276,2013-04-08,-3,0,6,3,13,0,-2,0,-2,7,-2,6,-3,6,1,7,0
2014,1107,1291,2014-03-18,0,0,7,5,-13,-10,-28,7,7,0,19,-1,10,0,0,-3,0
2014,1301,1462,2014-03-18,0,0,15,6,-2,2,0,1,0,-5,3,9,-4,1,9,-3,0
2014,1142,1411,2014-03-19,0,0,12,5,1,2,2,0,0,-1,2,3,-3,1,3,-3,0
2014,1234,1397,2014-03-19,0,0,-13,0,4,-1,-5,-12,-15,-3,-4,1,-2,0,1,14,1
2014,1163,1386,2014-03-20,-3,0,8,3,12,4,3,-2,-7,3,-2,1,-5,3,0,-1,0
2014,1173,1326,2014-03-20,5,0,1,-2,-1,0,1,5,5,1,-1,0,-1,0,-4,-2,0
2014,1107,1196,2014-03-20,-15,0,-12,-5,2,1,1,-3,-4,1,-4,-1,0,-3,-3,1,1
2014,1153,1217,2014-03-20,7,0,-4,2,13,-2,-5,-6,-12,7,-6,-4,-1,2,3,5,1
2014,1257,1264,2014-03-20,-9,0,7,-3,4,1,8,12,14,9,2,-1,-3,3,3,-9,0
2014,1276,1459,2014-03-20,-13,0,17,4,-7,6,-2,3,5,-2,7,5,2,5,1,-6,0
2014,1174,1277,2014-03-20,-9,0,-15,-10,-1,-2,1,7,14,-3,-15,-9,-6,0,-1,-8,1
2014,1295,1328,2014-03-20,7,0,5,2,-21,-6,-16,7,4,-12,13,-2,5,0,3,4,0
2014,1140,1332,2014-03-20,-3,0,-19,-7,7,3,6,-8,-8,4,-9,-7,1,0,-4,3,1
2014,1160,1338,2014-03-20,1,0,-29,-16,-19,0,2,3,6,-2,-2,-13,14,-10,-3,-1,1
2014,1308,1361,2014-03-20,-9,0,-4,3,6,-1,-1,-9,-7,4,-3,4,2,-4,-5,4,1
2014,1301,1387,2014-03-20,-7,0,-3,-3,-4,-5,-9,8,11,1,1,-6,3,0,1,-6,1
2014,1393,1444,2014-03-20,-11,0,24,11,8,3,-1,-1,-3,5,11,4,-1,4,5,5,0
2014,1113,1400,2014-03-20,-3,0,-2,-4,-2,3,3,3,6,1,1,0,1,-4,-4,-6,1
2014,1437,1454,2014-03-20,-13,0,20,10,-1,-2,-1,2,1,-1,10,0,-1,4,8,3,0
2014,1110,1458,2014-03-20,-13,0,-40,-15,-15,-6,-8,-4,1,-2,-5,-5,10,-4,-1,1,1
2014,1112,1451,2014-03-21,-15,0,9,10,-6,0,-3,-11,-7,-6,5,8,2,-4,9,3,0
2014,1124,1304,2014-03-21,-5,0,14,-6,-12,-2,-8,28,32,4,8,2,1,-2,-5,-15,0
2014,1166,1418,2014-03-21,-11,0,10,3,-12,5,7,-1,4,-7,7,10,2,-3,-2,-1,0
2014,1211,1329,2014-03-21,-1,0,8,-1,-15,6,3,4,4,-10,7,0,3,-5,-1,-5,0
2014,1235,1300,2014-03-21,-11,0,18,5,-10,4,1,4,4,-3,13,9,3,2,0,1,0
2014,1184,1242,2014-03-21,-13,0,-11,-10,4,12,24,-3,-8,-6,-18,-3,-7,6,-6,7,1
2014,1243,1246,2014-03-21,-1,0,-7,0,3,1,6,-8,-9,-4,-8,0,-5,3,-4,9,1
2014,1203,1272,2014-03-21,-1,0,-5,-2,1,-4,-10,3,8,1,-4,-11,-2,1,-2,-4,1
2014,1181,1273,2014-03-21,11,0,-7,-3,17,10,24,-11,-15,13,-5,-1,4,3,1,7,1
2014,1314,1344,2014-03-21,-5,0,2,5,18,0,-1,-8,-8,12,2,3,-1,3,-4,5,0
2014,1372,1433,2014-03-21,7,0,2,-3,-14,-2,-5,10,12,-1,7,3,6,-5,-3,-5,0
2014,1307,1390,2014-03-21,3,0,-5,0,3,-4,6,-1,2,4,-2,2,0,-4,-3,-2,1
2014,1269,1397,2014-03-21,5,0,-19,-2,10,1,-3,-16,-20,4,-8,-4,1,0,-2,8,1
2014,1409,1417,2014-03-21,-9,0,-17,-8,-6,2,3,-3,-1,-1,-2,-3,6,-9,-3,5,1
2014,1157,1438,2014-03-21,-15,0,-11,0,10,1,2,-12,-11,5,-5,-3,1,1,-3,3,1
2014,1142,1455,2014-03-21,-15,0,-27,-11,8,-1,9,-4,-3,2,-14,-12,-6,3,-5,0,1
2014,1163,1437,2014-03-22,5,0,12,5,1,-2,-11,4,4,1,5,0,-5,5,0,-7,0
2014,1173,1393,2014-03-22,8,0,2,-2,-8,7,6,-1,4,0,4,8,5,1,-3,0,0
2014,1196,1338,2014-03-22,-8,0,16,6,7,1,3,3,3,4,3,-5,-5,6,3,-5,0
2014,1257,1387,2014-03-22,-1,0,15,1,-4,6,2,7,8,1,6,4,1,0,5,-1,0
2014,1276,1400,2014-03-22,-5,0,14,1,-8,10,17,2,5,-10,-1,2,-5,2,-1,-4,0
2014,1217,1277,2014-03-22,-8,0,-7,-6,-4,-1,-4,6,8,-2,0,-9,0,-5,2,-3,1
2014,1295,1361,2014-03-22,-8,0,-19,-4,3,-5,-5,-6,-7,-1,-10,-3,0,-3,0,1,1
2014,1332,1458,2014-03-22,-5,0,-8,-5,-11,-3,-10,5,-2,-11,1,-6,0,4,0,6,1
2014,1112,1211,2014-03-23,-7,0,23,10,11,1,2,2,5,-4,-7,11,-15,12,3,4,0
2014,1124,1166,2014-03-23,3,0,30,8,-8,6,-6,8,12,-3,13,8,0,-2,3,-8,0
2014,1235,1314,2014-03-23,-3,0,2,-4,-4,4,6,6,6,-1,0,6,2,-2,-3,-4,0
2014,1246,1455,2014-03-23,7,0,2,0,1,-2,-3,4,4,6,3,-3,2,0,0,-6,0
2014,1242,1390,2014-03-23,8,0,-3,-2,11,5,7,-4,-8,5,-7,1,-2,-1,-2,7,1
2014,1273,1397,2014-03-23,-3,0,-20,-3,-2,2,0,-16,-17,-11,-11,-4,-1,1,4,7,1
2014,1372,1417,2014-03-23,-8,0,-17,-9,4,3,13,-2,-7,8,-2,-11,5,-2,-2,6,1
2014,1272,1438,2014-03-23,-7,0,-18,-6,5,-2,2,-4,5,2,-14,3,-4,4,-3,-2,1
2014,1112,1361,2014-03-27,-3,0,6,2,-6,1,-2,1,2,-8,0,10,-3,0,2,-4,0
2014,1173,1390,2014-03-27,1,0,10,6,0,3,2,-5,-7,-5,5,9,-2,1,-4,1,0
2014,1196,1417,2014-03-27,-3,0,11,2,-6,5,3,2,3,2,8,10,4,-4,1,-4,0
2014,1124,1458,2014-03-27,-4,0,-17,-8,6,-4,-1,3,-2,3,-9,-8,-4,4,-3,0,1
2014,1163,1235,2014-03-28,4,0,5,-6,-19,3,3,14,7,-12,7,-5,0,1,1,-2,0
2014,1246,1257,2014-03-28,4,0,5,-2,2,0,-1,9,4,4,4,-3,2,-1,-1,-5,0
2014,1276,1397,2014-03-28,-9,0,2,-3,-8,8,9,0,-4,-5,3,3,6,-2,-7,0,0
2014,1277,1438,2014-03-28,3,0,2,1,-10,-1,-4,1,1,-7,4,3,4,0,0,0,0
2014,1173,1196,2014-03-29,-10,0,-10,1,0,3,3,-15,-20,-7,-4,1,2,0,0,9,1
2014,1112,1458,2014-03-29,1,0,-1,-1,-2,-1,-5,2,5,0,1,-3,-1,-1,5,2,1
2014,1163,1277,2014-03-30,3,0,6,-1,3,-6,-7,14,14,1,-3,-5,-8,2,0,-4,0
2014,1246,1276,2014-03-30,6,0,3,4,1,0,-7,-5,-3,3,8,-3,4,-2,5,0,0
2014,1163,1196,2014-04-05,6,0,10,5,-6,4,2,-4,-7,-7,8,9,2,3,3,2,0
2014,1246,1458,2014-04-05,6,0,1,6,8,-6,-15,-5,1,5,0,-2,-4,0,-2,-1,0
2014,1163,1246,2014-04-07,-1,0,6,4,7,1,3,-3,-14,-2,3,-3,-3,3,-1,7,0
2015,1214,1264,2015-03-17,0,0,10,3,-9,-3,-18,7,13,-6,2,5,-3,1,0,-6,0
2015,1140,1279,2015-03-17,0,0,-4,-8,-22,8,6,4,4,-10,6,-2,8,-7,-4,2,1
2015,1129,1173,2015-03-18,0,0,-1,2,13,-1,-1,-4,-4,9,-1,-3,-2,1,0,4,1
2015,1316,1352,2015-03-18,0,0,-4,-3,-10,5,6,-3,-7,2,9,4,14,-11,2,2,1
2015,1112,1411,2015-03-19,-13,0,21,8,2,0,-1,5,-3,4,12,8,3,3,0,4,0
2015,1116,1459,2015-03-19,-7,0,3,4,-9,-4,-16,-1,0,-6,4,6,2,-1,2,1,0
2015,1139,1400,2015-03-19,-5,0,8,-1,-2,-2,-6,12,16,-7,-6,4,-10,1,-1,-9,0
2015,1153,1345,2015-03-19,-1,0,1,-1,-11,0,-16,3,6,-10,-3,-4,-3,3,4,-2,0
2015,1186,1207,2015-03-19,-9,0,-10,1,16,-2,5,-10,-17,0,-8,-4,-5,-2,-1,3,1
2015,1124,1209,2015-03-19,11,0,-1,-3,-11,2,3,3,0,3,15,2,15,-11,-1,0,1
2015,1214,1246,2015-03-19,-15,0,-23,-11,-2,1,6,-2,-5,-7,-13,-13,-2,2,-2,4,1
2015,1261,1301,2015-03-19,-1,0,-1,-4,-6,0,-9,7,15,2,0,3,-3,3,4,-5,1
2015,1217,1314,2015-03-19,-9,0,-2,-6,6,0,6,10,7,0,-9,-5,-10,7,0,-2,1
2015,1318,1323,2015-03-19,-11,0,-4,0,8,1,5,-5,-8,11,5,-4,9,-7,-4,-1,1
2015,1326,1433,2015-03-19,3,0,3,4,-6,-4,-11,-1,3,-5,0,2,0,1,5,0,0
2015,1235,1412,2015-03-19,11,0,-1,0,-4,3,5,-4,-4,-10,-5,3,-2,2,4,5,1
2015,1374,1417,2015-03-19,5,0,-1,0,8,-3,-4,2,6,3,-4,2,-9,7,-1,-3,1
2015,1372,1428,2015-03-19,-7,0,-7,-1,13,0,13,-5,-8,7,-4,-2,-5,0,-6,6,1
2015,1248,1437,2015-03-19,-15,0,-41,-15,-2,-7,-4,-4,-8,2,-10,-7,7,-6,-5,1,1
2015,1279,1462,2015-03-19,-5,0,-19,-2,17,-4,4,-11,-16,8,-8,-1,-2,1,0,7,1
2015,1173,1344,2015-03-20,5,0,13,-2,-17,-2,-3,19,23,-10,3,0,-4,4,3,-7,0
2015,1181,1352,2015-03-20,-15,0,29,10,-12,4,2,5,10,-3,15,15,3,1,2,-9,0
2015,1211,1295,2015-03-20,-13,0,10,1,4,-3,1,11,16,8,3,11,-4,2,0,-9,0
2015,1172,1234,2015-03-20,-3,0,-31,-14,-6,0,12,-3,0,-4,-12,1,1,-2,-1,4,1
2015,1242,1308,2015-03-20,-13,0,19,7,-6,4,-2,1,-1,-4,11,8,3,-3,0,2,0
2015,1257,1414,2015-03-20,-9,0,2,-1,3,0,1,4,4,0,-4,-1,-5,-1,0,1,0
2015,1268,1434,2015-03-20,-9,0,3,-1,-16,-3,-6,8,6,-7,10,-3,2,0,4,0,0
2015,1208,1277,2015-03-20,-3,0,-7,-7,0,-3,-4,10,7,7,1,-10,3,-4,-1,-3,1
2015,1320,1461,2015-03-20,-7,0,17,2,4,0,-4,13,9,4,3,-4,-5,7,-2,-3,0
2015,1107,1328,2015-03-20,-11,0,-9,-2,4,1,1,-6,-6,0,-6,5,-2,1,-5,2,1
2015,1329,1332,2015-03-20,-1,0,-6,-2,7,3,10,-5,-5,6,-3,0,0,-1,-6,5,1
2015,1361,1385,2015-03-20,-1,0,12,-2,-6,6,5,10,19,6,2,6,3,-2,1,-9,0
2015,1125,1438,2015-03-20,-13,0,-12,1,0,2,8,-16,-19,-5,-1,1,5,-1,-1,12,1
2015,1138,1452,2015-03-20,-7,0,-6,-2,-5,1,0,-3,-2,-1,0,1,5,-3,2,-1,1
2015,1231,1455,2015-03-20,-3,0,-5,-1,-2,9,9,-12,-14,-3,1,1,6,-6,-3,9,1
2015,1157,1458,2015-03-20,-15,0,-14,-5,-3,-4,-15,0,-1,-5,-6,-5,-3,3,0,3,1
2015,1112,1326,2015-03-21,-8,0,15,3,11,2,2,7,9,11,6,5,-4,5,1,-4,0
2015,1153,1246,2015-03-21,-7,0,-13,0,9,-2,-1,-11,-14,9,-2,-5,7,-3,-3,7,1
2015,1301,1437,2015-03-21,7,0,3,5,-8,-6,-17,-1,4,1,12,4,5,-3,1,-1,0
2015,1116,1314,2015-03-21,-1,0,-9,-3,5,4,15,-7,-10,3,-6,3,5,-4,0,-2,1
2015,1139,1323,2015-03-21,-3,0,-3,-1,12,-2,-7,1,-1,4,-8,-1,-6,4,-3,-1,1
2015,1412,1417,2015-03-21,-3,0,-17,-6,8,7,17,-12,-15,-3,-12,0,-5,1,-1,5,1
2015,1207,1428,2015-03-21,1,0,-11,2,17,1,11,-16,-23,6,-4,-3,0,3,-2,10,1
2015,1209,1462,2015-03-21,-8,0,-8,3,12,-1,1,-13,-12,-1,-10,4,-6,5,0,5,1
2015,1181,1361,2015-03-22,-7,0,19,11,-3,4,1,-7,-9,-8,8,11,-2,1,1,4,0
2015,1211,1234,2015-03-22,-5,0,19,4,-8,5,1,6,11,0,12,10,0,0,-1,-6,0
2015,1257,1320,2015-03-22,-1,0,13,4,2,-1,-8,6,8,2,3,2,-3,0,4,-4,0
2015,1277,1438,2015-03-22,5,0,6,0,-17,4,-5,2,7,-11,4,1,1,2,4,1,0
2015,1173,1328,2015-03-22,-8,0,-6,0,2,2,3,-8,-11,-6,-6,-1,-2,-1,-1,5,1
2015,1268,1452,2015-03-22,1,0,-10,-3,-16,1,0,-5,-6,-6,6,-4,13,-11,6,-1,1
2015,1242,1455,2015-03-22,5,0,-13,-5,6,-4,1,1,-1,9,-3,-5,2,-2,-2,3,1
2015,1332,1458,2015-03-22,-7,0,-7,4,8,1,-4,-16,-22,0,2,2,2,0,1,7,1
2015,1112,1462,2015-03-26,-4,0,8,0,3,4,5,4,3,2,0,1,-4,2,-2,-2,0
2015,1246,1452,2015-03-26,-4,0,39,11,-4,2,0,15,13,-2,14,6,-3,3,4,-8,0
2015,1323,1455,2015-03-26,-4,0,11,4,-11,6,1,-3,-4,-9,5,9,4,-2,1,-2,0
2015,1314,1458,2015-03-26,-3,0,-7,0,0,1,-8,-8,-5,-3,-4,-1,-1,0,1,2,1
2015,1181,1428,2015-03-27,-4,0,6,-1,-15,-1,-7,9,11,-10,5,-3,-1,-2,0,-5,0
2015,1211,1417,2015-03-27,-9,0,12,1,0,0,6,10,12,6,5,3,-2,1,-3,-4,0
2015,1257,1301,2015-03-27,-4,0,10,4,-6,-6,-8,8,13,-4,2,5,-2,2,1,-6,0
2015,1277,1328,2015-03-27,4,0,4,2,2,5,10,-5,0,1,-3,2,-2,-1,-3,0,0
2015,1246,1323,2015-03-28,-2,0,2,-1,-9,0,-6,4,7,-3,4,-8,4,-1,8,-2,0
2015,1112,1458,2015-03-28,-1,0,-7,-1,-2,-10,-12,5,-1,-1,2,-3,1,0,0,1,1
2015,1181,1211,2015-03-29,-1,0,14,-1,6,6,9,10,10,1,-5,2,-10,7,-1,-3,0
2015,1257,1277,2015-03-29,3,0,-6,-3,4,-5,-12,5,9,5,-5,-10,-3,1,-1,-6,1
2015,1181,1277,2015-04-04,-6,0,20,4,-5,-5,-10,17,21,-2,5,0,-6,5,1,-10,0
2015,1246,1458,2015-04-04,0,0,-7,3,6,-4,-12,-9,-12,-6,-6,-3,-4,4,2,6,1
2015,1181,1458,2015-04-06,0,0,5,-1,-10,-3,-10,10,10,-5,3,-6,0,1,5,-2,0
2016,1192,1195,2016-03-15,0,0,-31,-11,13,0,0,-9,-16,-1,-18,-11,-9,3,-3,8,1
2016,1435,1455,2016-03-15,0,0,-20,-6,-6,-4,0,-4,1,0,-5,-3,5,-4,3,1,1
2016,1221,1380,2016-03-16,0,0,4,-4,-16,6,5,6,8,-7,3,4,5,-1,-1,-7,0
2016,1276,1409,2016-03-16,0,0,5,-1,3,3,10,4,1,2,0,0,-3,0,0,-1,0
2016,1114,1345,2016-03-17,7,0,2,4,15,0,-1,-6,0,5,-12,-8,-9,11,-7,-1,0
2016,1139,1403,2016-03-17,1,0,10,0,-3,2,-1,8,7,2,4,0,0,2,-2,-2,0
2016,1160,1163,2016-03-17,1,0,-7,0,-7,-4,-7,-3,7,-2,-1,0,2,-3,-5,-4,1
2016,1181,1423,2016-03-17,-9,0,8,-1,-14,-7,-11,17,24,-1,7,1,1,-1,5,-15,0
2016,1211,1371,2016-03-17,5,0,16,4,-6,2,-4,6,0,-1,15,4,8,-4,1,-2,0
2016,1151,1231,2016-03-17,-7,0,-25,-9,2,-7,1,0,-1,1,-7,-14,3,-3,-3,3,1
2016,1233,1235,2016-03-17,-9,0,-13,-1,0,-3,2,-8,-7,2,0,-5,3,-3,-2,3,1
2016,1122,1242,2016-03-17,-15,0,-26,-14,-9,-2,-1,4,10,1,-5,-17,2,0,-9,-4,1
2016,1246,1392,2016-03-17,-9,0,28,13,-13,1,0,1,-1,-15,13,4,-4,3,12,3,0
2016,1138,1274,2016-03-17,-11,0,-7,-1,5,5,11,-10,-12,-3,-10,-1,-4,-1,-5,8,1
2016,1195,1314,2016-03-17,-15,0,-16,-6,-15,-5,-10,1,5,-3,5,-3,7,-2,-5,0,1
2016,1344,1425,2016-03-17,1,0,1,-3,10,3,11,4,1,3,-7,4,-6,-1,1,1,0
2016,1201,1428,2016-03-17,-11,0,-11,-1,3,0,0,-9,-10,-10,-13,-8,-6,4,2,12,1
2016,1214,1438,2016-03-17,-15,0,-36,-15,-2,-9,-6,3,2,3,-9,-16,2,-3,-7,-3,1
2016,1112,1455,2016-03-17,5,0,-10,-4,-11,3,-2,-5,-4,1,8,-2,13,-7,-2,2,1
2016,1124,1463,2016-03-17,7,0,-4,4,19,1,0,-13,-14,6,-10,2,-5,6,-2,7,1
2016,1143,1218,2016-03-18,9,0,-11,-4,4,0,5,-3,1,10,-1,-2,5,0,-2,-1,1
2016,1234,1396,2016-03-18,-3,0,2,-6,3,3,10,11,13,0,-11,1,-9,4,0,-6,0
2016,1268,1355,2016-03-18,-7,0,5,-1,-14,-1,-6,8,10,-5,6,2,2,0,1,-2,0
2016,1277,1292,2016-03-18,13,0,-9,-3,-5,0,5,-3,-6,-2,4,4,4,0,-3,9,1
2016,1320,1400,2016-03-18,5,0,3,-4,-13,-1,-3,12,14,-6,4,-3,1,0,-1,-6,0
2016,1276,1323,2016-03-18,-5,0,-7,0,20,2,12,-9,-10,6,-14,6,-9,7,-7,5,1
2016,1167,1328,2016-03-18,-13,0,-14,-2,2,-6,-2,-4,-11,3,1,0,4,-1,-4,7,1
2016,1221,1332,2016-03-18,-15,0,-39,-14,-6,0,3,-11,-7,-3,-13,-9,3,2,-4,2,1
2016,1372,1452,2016-03-18,11,0,14,1,3,4,7,8,12,-6,-9,4,-15,11,-4,-2,0
2016,1153,1386,2016-03-18,-1,0,-2,0,-3,1,0,-3,-4,-1,2,0,3,-1,2,-3,1
2016,1173,1393,2016-03-18,3,0,-19,-3,3,-2,0,-11,-4,-6,-14,1,-6,0,1,-1,1
2016,1401,1453,2016-03-18,-11,0,27,11,1,-2,-8,7,5,5,15,3,2,-1,-4,-4,0
2016,1333,1433,2016-03-18,3,0,-8,-2,4,3,-3,-7,-6,-2,-10,1,-6,2,-2,1,1
2016,1421,1437,2016-03-18,-13,0,-30,-12,0,-8,-11,2,2,5,-5,-10,3,-3,-3,2,1
2016,1338,1458,2016-03-18,-3,0,-4,1,-5,-1,-8,-5,-8,-5,4,0,4,-3,1,8,1
2016,1451,1462,2016-03-18,-13,0,-18,-8,-5,-3,7,1,7,-4,-12,-5,-2,4,0,-2,1
2016,1181,1463,2016-03-19,-8,0,7,-2,-15,7,0,4,3,-15,1,-1,-1,1,2,2,0
2016,1211,1428,2016-03-19,8,0,23,12,9,2,4,-3,-2,4,6,5,-4,2,0,-1,0
2016,1231,1246,2016-03-19,1,0,6,1,-5,2,5,2,4,-4,0,5,-3,-1,2,-2,0
2016,1114,1235,2016-03-19,-8,0,-17,-10,1,-3,4,6,0,3,-2,-6,2,-5,1,4,1
2016,1163,1242,2016-03-19,-8,0,-12,-4,11,4,5,-8,-11,-3,-17,-3,-7,4,-3,6,1
2016,1274,1455,2016-03-19,-8,0,8,1,-21,1,-10,5,9,-14,7,-1,1,0,4,-3,0
2016,1314,1344,2016-03-19,-8,0,19,8,2,-2,-9,5,-2,4,14,4,4,0,3,-1,0
2016,1139,1438,2016-03-19,-8,0,-8,-4,2,5,5,-5,-4,-2,-8,-2,-5,4,-1,4,1
2016,1218,1268,2016-03-20,-8,0,-13,1,22,3,1,-18,-16,13,-7,5,-2,-3,-6,4,1
2016,1323,1372,2016-03-20,-8,0,1,0,-13,-2,-10,3,7,-3,7,-4,7,-3,-3,-3,0
2016,1328,1433,2016-03-20,-8,0,4,-1,-6,-3,-5,9,9,-2,2,-6,-1,-2,4,-5,0
2016,1332,1386,2016-03-20,-7,0,5,-1,-4,2,9,5,5,-2,0,-1,-1,-3,7,-1,0
2016,1292,1393,2016-03-20,-5,0,-25,-8,15,0,4,-9,-14,10,-12,-6,0,-2,-9,6,1
2016,1320,1401,2016-03-20,-8,0,-4,-4,-2,5,3,-1,-7,-6,-5,8,-1,3,3,4,1
2016,1234,1437,2016-03-20,-5,0,-19,-5,6,-3,5,-6,-4,4,-7,-9,0,-3,-1,3,1
2016,1458,1462,2016-03-20,5,0,3,3,5,3,11,-6,-8,2,0,2,4,-5,5,4,0
2016,1242,1268,2016-03-24,-4,0,16,7,7,-2,-16,4,1,7,8,5,2,-2,-6,-3,0
2016,1328,1401,2016-03-24,-1,0,14,9,-1,5,-3,-9,-15,-6,5,9,3,-2,1,6,0
2016,1181,1332,2016-03-24,-3,0,-14,-6,-6,-3,-1,1,-2,-7,-3,-10,0,1,-2,2,1
2016,1274,1437,2016-03-24,-1,0,-23,-7,-4,0,2,-9,-6,-2,-8,-5,4,-2,0,3,1
2016,1231,1314,2016-03-25,-4,0,-15,-7,-1,2,11,-3,-7,0,-5,-7,3,-5,-4,5,1
2016,1323,1458,2016-03-25,-1,0,5,-1,-2,-2,-7,9,8,-2,-2,2,-5,2,2,-6,0
2016,1211,1393,2016-03-25,-1,0,-3,2,-6,3,6,-10,-11,-3,7,9,8,-5,-2,2,1
2016,1235,1438,2016-03-25,-3,0,-13,-5,-5,3,7,-6,-9,-5,-4,-10,4,-2,-3,6,1
2016,1328,1332,2016-03-26,1,0,12,6,4,8,3,-8,-13,1,5,6,3,-6,0,5,0
2016,1242,1437,2016-03-26,1,0,-5,2,-2,2,4,-11,-8,1,3,4,7,-6,0,3,1
2016,1314,1323,2016-03-27,-5,0,14,5,3,-5,-5,9,10,8,9,8,-1,1,0,-1,0
2016,1393,1438,2016-03-27,9,0,6,-1,4,-2,-3,10,13,4,-2,-11,-5,8,-1,-1,0
2016,1314,1393,2016-04-02,-9,0,17,8,-1,-4,-8,5,-2,0,12,13,2,-2,1,-3,0
2016,1328,1437,2016-04-02,0,0,-44,-16,11,-5,9,-7,-8,12,-15,-6,6,-6,-1,9,1
2016,1314,1437,2016-04-04,1,0,-3,-1,15,3,3,-4,-4,14,-1,10,1,0,-2,4,1
2017,1243,1448,2017-03-14,0,0,7,6,-6,-3,-11,-2,4,0,8,4,4,-2,2,1,0
2017,1291,1309,2017-03-14,0,0,1,-4,-7,9,10,0,1,-4,1,2,2,-4,-1,-5,0
2017,1300,1413,2017-03-15,0,0,-4,2,19,0,10,-8,-9,3,-13,0,-9,6,-1,2,1
2017,1344,1425,2017-03-15,0,0,-4,1,-6,2,1,-8,-10,-9,0,5,2,-1,-2,8,1
2017,1112,1315,2017-03-16,-13,0,18,4,-7,-6,-11,16,12,-2,11,-4,1,-3,1,-5,0
2017,1139,1457,2017-03-16,-9,0,12,-1,-13,-1,-6,15,20,2,13,3,3,-2,5,-7,0
2017,1190,1196,2017-03-16,-9,0,-15,-1,8,2,2,-15,-17,1,-7,-4,2,-3,-4,7,1
2017,1195,1199,2017-03-16,-11,0,-6,-1,16,6,15,-10,-19,-2,-18,2,-5,-3,-8,4,1
2017,1211,1355,2017-03-16,-15,0,20,7,5,3,10,3,7,5,7,0,-4,2,3,-4,0
2017,1235,1305,2017-03-16,-7,0,11,4,-11,0,-7,3,2,-3,13,4,6,-4,-1,1,0
2017,1278,1292,2017-03-16,7,0,-9,-4,-6,-1,8,0,-6,-7,-6,-4,0,1,0,2,1
2017,1321,1435,2017-03-16,-1,0,2,5,-2,-3,-12,-5,0,1,6,1,2,0,-6,2,0
2017,1323,1343,2017-03-16,-7,0,2,-1,-5,-4,-20,8,15,2,1,-3,-3,2,-1,-5,0
2017,1345,1436,2017-03-16,-9,0,10,4,-1,-1,-7,3,4,3,7,-5,1,-4,5,-2,0
2017,1388,1433,2017-03-16,-3,0,8,-4,-20,4,4,12,13,-4,12,7,6,-2,0,-12,0
2017,1291,1437,2017-03-16,-15,0,-20,-10,-3,-1,4,1,1,-4,-12,-4,-4,0,2,-2,1
2017,1423,1438,2017-03-16,-7,0,-5,-1,9,3,9,-6,-8,8,-1,6,1,-1,-3,1,1
2017,1137,1452,2017-03-16,-9,0,-6,-3,-7,4,9,-4,-6,-8,-2,-2,2,1,-1,6,1
2017,1439,1458,2017-03-16,-1,0,-10,-3,-11,-6,-14,2,1,-11,-1,-5,2,-1,-1,-4,1
2017,1268,1462,2017-03-16,5,0,-11,-3,4,-2,4,-3,-5,-2,-8,-2,-4,-1,1,2,1
2017,1116,1371,2017-03-17,-1,0,6,2,-8,-3,-10,5,2,-13,-1,3,-5,6,3,2,0
2017,1124,1308,2017-03-17,-11,0,18,7,-3,-4,-14,8,6,1,11,0,1,-2,5,-3,0
2017,1153,1243,2017-03-17,-5,0,14,6,-11,-2,-7,4,7,-2,10,0,4,-3,2,-7,0
2017,1181,1407,2017-03-17,-13,0,22,5,3,8,5,4,9,1,-2,5,-9,12,6,-2,0
2017,1242,1413,2017-03-17,-15,0,38,15,2,7,5,1,2,2,16,12,-2,1,4,-2,0
2017,1246,1297,2017-03-17,-13,0,9,1,-12,-5,-15,12,17,-2,8,1,4,-1,6,-7,0
2017,1240,1257,2017-03-17,-13,0,-15,-8,-18,5,4,-4,-6,-12,-1,0,8,-6,3,2,1
2017,1276,1329,2017-03-17,-3,0,1,-6,-8,9,13,4,6,-10,-9,2,-6,2,3,-8,0
2017,1274,1277,2017-03-17,1,0,-20,-9,-1,-2,-4,0,3,-1,-12,-10,-2,8,-2,-1,1
2017,1314,1411,2017-03-17,-15,0,39,16,15,1,-5,6,10,14,13,9,-3,0,1,-4,0
2017,1233,1332,2017-03-17,-11,0,-16,-7,1,1,3,-3,-5,-3,-11,-1,-2,-4,5,3,1
2017,1166,1348,2017-03-17,5,0,-12,0,7,3,2,-15,-12,3,-4,0,3,-6,0,4,1
2017,1266,1376,2017-03-17,-3,0,-20,-11,-14,3,4,-1,-5,-7,-1,-5,9,-8,1,7,1
2017,1245,1417,2017-03-17,-11,0,-17,-6,12,2,8,-7,-11,9,-6,-15,2,1,-3,6,1
2017,1374,1425,2017-03-17,5,0,-1,0,7,1,-5,-2,-3,1,-5,-3,-2,0,-4,-1,1
2017,1173,1455,2017-03-17,3,0,-6,-1,10,1,2,-5,-7,-3,-16,0,-10,6,-5,4,1
2017,1112,1388,2017-03-18,-5,0,9,-2,-3,-1,-10,14,15,0,2,-10,-4,2,1,-8,0
2017,1139,1292,2017-03-18,-8,0,9,-1,-10,4,-4,7,9,-5,5,1,-2,-1,2,-5,0
2017,1196,1438,2017-03-18,-1,0,26,7,-4,7,6,5,11,-2,6,2,-1,2,-2,-7,0
2017,1211,1321,2017-03-18,-7,0,6,-1,-7,-4,-8,12,23,3,3,-2,1,-4,2,-8,0
2017,1235,1345,2017-03-18,-1,0,-4,-1,-4,-1,-3,-1,-1,-6,-4,-13,-3,1,2,1,1
2017,1323,1452,2017-03-18,-1,0,-12,-5,0,2,14,-4,-9,-2,-4,-4,2,0,-2,3,1
2017,1437,1458,2017-03-18,7,0,-3,-5,2,-1,-2,8,5,-1,-3,-5,-6,4,-4,-3,1
2017,1199,1462,2017-03-18,8,0,-25,-6,6,-7,4,-6,-7,4,-7,-10,0,3,0,4,1
2017,1124,1425,2017-03-19,-8,0,4,1,6,-2,-3,4,5,8,3,-3,-1,4,0,-2,0
2017,1242,1277,2017-03-19,-8,0,20,9,7,0,-3,2,-2,3,5,-1,-3,6,2,2,0
2017,1246,1455,2017-03-19,-8,0,3,-1,-7,-1,-6,6,9,-4,2,-1,-4,4,0,-3,0
2017,1257,1276,2017-03-19,5,0,-4,0,4,-1,3,-3,-2,6,1,1,5,0,1,3,1
2017,1116,1314,2017-03-19,-7,0,-7,2,-3,3,4,-14,-17,-10,-3,-6,2,-3,0,10,1
2017,1332,1348,2017-03-19,-8,0,3,-5,-7,1,-6,12,19,6,1,0,3,0,0,-7,0
2017,1181,1376,2017-03-19,5,0,-7,-5,-10,3,5,0,-3,-5,2,-5,7,-2,5,4,1
2017,1153,1417,2017-03-19,-3,0,-12,-5,-4,-4,-8,2,0,2,0,-10,7,-3,-4,3,1
2017,1211,1452,2017-03-23,-3,0,3,2,-16,-1,-13,0,3,-13,6,0,3,0,-4,1,0
2017,1242,1345,2017-03-23,-3,0,32,10,6,5,1,7,10,3,4,1,-6,3,2,-3,0
2017,1276,1332,2017-03-23,-4,0,-1,-1,0,3,14,-2,-9,-4,-1,1,3,-3,-1,7,1
2017,1112,1462,2017-03-23,9,0,-2,-1,9,1,11,-1,-5,7,1,0,0,1,0,4,1
2017,1196,1458,2017-03-24,-4,0,1,0,7,1,5,0,-2,3,-5,-4,-4,-4,5,-2,0
2017,1246,1417,2017-03-24,-1,0,11,2,8,1,0,6,4,2,-1,2,-7,2,0,-2,0
2017,1139,1314,2017-03-24,-3,0,-12,-4,5,-1,4,-3,-12,-2,-10,-9,-1,-2,0,2,1
2017,1124,1376,2017-03-24,4,0,-20,-6,6,-5,-7,-3,-3,4,-7,-1,0,-1,-3,0,1
2017,1211,1462,2017-03-25,-10,0,24,7,-1,10,8,0,3,-2,2,9,-1,3,3,-3,0
2017,1242,1332,2017-03-25,2,0,-14,-8,3,-6,0,8,10,3,-7,2,-5,-1,-7,0,1
2017,1246,1314,2017-03-26,-1,0,-2,0,7,4,4,-6,-7,-2,-8,-1,-7,0,-7,1,1
2017,1196,1376,2017-03-26,3,0,-7,-1,7,5,16,-10,-17,2,-5,4,5,3,3,4,1
2017,1211,1376,2017-04-01,-6,0,4,4,-6,2,-1,-6,-9,-3,8,3,7,-4,2,7,0
2017,1314,1332,2017-04-01,-2,0,1,3,10,1,-5,-6,-1,5,-5,9,-5,2,-4,2,0
2017,1211,1314,2017-04-03,0,0,-6,-6,-14,4,-8,2,0,-3,6,-4,10,-5,-3,0,1
2018,1254,1347,2018-03-13,0,0,-10,-9,-9,1,9,7,10,-2,-4,-4,0,-3,-2,-4,1
2018,1382,1417,2018-03-13,0,0,7,2,10,-6,-11,9,11,0,-10,-6,-14,10,-6,-4,0
2018,1113,1393,2018-03-14,0,0,-4,1,3,4,12,-10,-13,-2,-1,9,0,0,1,3,1
2018,1300,1411,2018-03-14,0,0,-18,0,12,-6,-10,-12,-13,7,-5,1,1,-2,-6,6,1
2018,1104,1439,2018-03-15,1,0,3,0,-4,-1,0,4,7,0,4,5,3,-4,2,-4,0
2018,1112,1138,2018-03-15,9,0,-21,-5,2,-13,-12,2,4,4,-5,0,-1,0,1,-4,1
2018,1181,1233,2018-03-15,-13,0,22,10,7,8,6,-6,-6,4,6,8,2,0,0,-4,0
2018,1196,1382,2018-03-15,-5,0,15,10,17,7,13,-12,-16,3,-7,9,-9,5,1,2,0
2018,1211,1422,2018-03-15,-9,0,4,-3,-8,2,1,8,15,-3,-1,0,-3,1,1,-8,0
2018,1222,1361,2018-03-15,-5,0,2,2,5,1,-3,-3,-11,-4,-1,-6,-5,-1,-4,6,0
2018,1242,1335,2018-03-15,-15,0,16,5,5,-4,-12,10,3,3,5,-5,-3,4,4,1,0
2018,1172,1246,2018-03-15,-7,0,-5,-2,10,11,27,-12,-15,2,-10,1,-1,-4,-1,3,1
2018,1260,1274,2018-03-15,5,0,2,1,6,4,12,-4,-4,-1,-5,8,-6,-1,-4,1,0
2018,1276,1285,2018-03-15,-11,0,14,3,-9,2,1,6,11,-3,6,4,2,-3,1,-7,0
2018,1326,1355,2018-03-15,-7,0,8,3,9,-1,9,3,5,7,1,7,-4,7,0,0,0
2018,1328,1348,2018-03-15,-3,0,-5,-1,-8,-7,-8,4,4,2,11,-4,8,0,0,1,1
2018,1301,1371,2018-03-15,-1,0,-11,0,3,4,9,-15,-12,0,-6,2,3,-2,-2,7,1
2018,1397,1460,2018-03-15,-11,0,26,8,0,1,-3,9,7,2,10,4,-1,1,4,0,0
2018,1372,1403,2018-03-15,-11,0,-10,-7,-7,1,-2,3,4,-4,-6,-5,0,5,-3,2,1
2018,1347,1437,2018-03-15,-15,0,-26,-11,7,-6,-3,2,2,7,-10,-10,0,-1,-2,1,1
2018,1120,1158,2018-03-16,-9,0,4,-2,8,0,2,8,18,6,-10,0,-9,4,4,-5,0
2018,1116,1139,2018-03-16,3,0,-17,-9,-3,-7,-8,8,11,-6,-14,-6,-7,1,6,-6,1
2018,1153,1209,2018-03-16,-13,0,15,3,9,1,3,8,11,14,6,11,-1,1,-2,-5,0
2018,1155,1308,2018-03-16,-7,0,11,9,-3,-3,-11,-4,-8,-5,3,-5,-3,3,3,5,0
2018,1199,1281,2018-03-16,1,0,13,5,0,-1,-9,4,10,-1,0,10,-5,4,2,-3,0
2018,1166,1243,2018-03-16,1,0,-10,0,18,0,15,-10,-20,10,0,0,2,0,-2,10,1
2018,1267,1455,2018-03-16,9,0,6,1,-5,1,-6,3,5,-9,-5,-6,-6,8,3,-3,0
2018,1137,1277,2018-03-16,-11,0,-4,-8,-3,6,3,6,6,-4,-8,-8,-2,-1,-5,1,1
2018,1305,1400,2018-03-16,-3,0,4,1,-4,0,5,2,2,-7,-1,6,-2,-2,2,1,0
2018,1252,1314,2018-03-16,-13,0,-18,-8,4,-2,6,0,-3,-4,-14,-5,-5,1,0,1,1
2018,1168,1345,2018-03-16,-13,0,-26,-5,-9,-5,-4,-11,-11,-7,-3,-3,8,-2,1,6,1
2018,1393,1395,2018-03-16,5,0,5,2,9,0,-3,1,-2,4,-1,-6,-6,3,1,2,0
2018,1344,1401,2018-03-16,-3,0,-4,1,10,0,4,-6,-14,-6,-12,4,-8,3,-8,10,1
2018,1420,1438,2018-03-16,15,0,20,3,-8,8,2,6,6,-1,12,11,5,-6,-1,-3,0
2018,1293,1452,2018-03-16,-7,0,-17,-11,-11,3,12,2,-1,0,3,-6,8,-4,2,0,1
2018,1411,1462,2018-03-16,-15,0,-19,-9,1,-3,1,2,-5,-1,-10,-7,-2,4,-7,-1,1
2018,1181,1348,2018-03-17,-5,0,25,4,-12,3,2,14,11,-4,11,5,1,0,-1,-4,0
2018,1211,1326,2018-03-17,-1,0,6,1,-8,-2,-4,6,15,5,9,3,1,-1,2,-2,0
2018,1242,1371,2018-03-17,-7,0,4,-1,-8,-1,-3,7,10,-6,-1,9,-4,4,0,-8,0
2018,1138,1246,2018-03-17,-8,0,-20,-10,3,0,16,0,-1,1,-13,-8,-3,-2,-3,1,1
2018,1260,1397,2018-03-17,8,0,1,-3,-11,-1,-5,8,10,-1,4,2,3,-5,-1,-4,0
2018,1222,1276,2018-03-17,-3,0,-1,-1,-5,-1,-12,2,2,0,3,-5,3,-1,-3,-3,1
2018,1196,1403,2018-03-17,-3,0,-3,-3,0,0,7,3,1,0,0,-6,3,1,4,4,1
2018,1104,1437,2018-03-17,-8,0,-23,-5,-15,-13,-25,0,7,-4,2,-5,5,1,-2,-8,1
2018,1120,1155,2018-03-18,1,0,-31,-12,5,-3,6,-4,-8,-2,-16,-10,-1,0,-3,3,1
2018,1199,1462,2018-03-18,8,0,5,1,6,3,10,0,-8,-2,1,-4,-4,4,2,1,0
2018,1243,1420,2018-03-18,-7,0,7,4,-3,-5,-10,4,0,-1,8,-2,1,2,0,0,0
2018,1153,1305,2018-03-18,5,0,-2,-3,5,-1,-1,5,1,7,4,0,5,-4,3,1,1
2018,1139,1345,2018-03-18,-8,0,-3,1,3,-5,-4,0,-4,-2,0,0,-2,2,0,5,1
2018,1277,1393,2018-03-18,8,0,-2,2,24,7,29,-13,-15,22,-1,8,2,-1,-4,2,1
2018,1314,1401,2018-03-18,5,0,-21,-5,18,-4,7,-7,-14,2,-16,0,-8,2,-8,7,1
2018,1267,1452,2018-03-18,-8,0,-23,-11,-10,0,1,-1,3,-5,-11,-1,2,-1,-1,-6,1
2018,1199,1211,2018-03-22,5,0,15,7,-1,1,0,0,-2,-4,2,12,0,3,7,6,0
2018,1243,1246,2018-03-22,4,0,3,3,12,6,10,-9,-15,0,-9,6,-5,6,-1,9,0
2018,1260,1305,2018-03-22,4,0,1,5,-6,-2,-14,-7,-6,-1,9,7,6,-4,-4,0,0
2018,1276,1401,2018-03-22,-4,0,27,7,-4,11,9,2,-2,-8,3,8,-7,8,-4,3,0
2018,1181,1393,2018-03-23,-9,0,4,-3,5,1,13,9,11,2,-6,1,-9,5,1,-3,0
2018,1155,1242,2018-03-23,-4,0,-4,0,5,-4,-2,0,-3,2,-1,-3,-1,2,-1,-4,1
2018,1345,1403,2018-03-23,1,0,-13,-2,-1,2,1,-11,-12,-2,-2,-7,6,0,-3,7,1
2018,1437,1452,2018-03-23,-4,0,12,0,-16,6,-4,6,4,-9,6,4,4,-5,0,-8,0
2018,1243,1260,2018-03-24,2,0,-16,-4,19,-3,8,-5,-6,7,-15,-8,-9,5,0,4,1
2018,1199,1276,2018-03-24,-6,0,-4,-3,2,0,-5,2,-4,1,1,-2,4,0,3,7,1
2018,1181,1242,2018-03-25,-1,0,-4,0,1,-6,-7,2,3,-7,-8,-7,-7,4,0,2,1
2018,1403,1437,2018-03-25,-2,0,-12,1,3,1,-4,-15,-17,-9,-9,0,-3,-2,-3,6,1
2018,1260,1276,2018-03-31,-8,0,-12,-3,-8,-6,-18,0,-4,-5,1,-2,6,-5,-1,6,1
2018,1242,1437,2018-03-31,0,0,-16,-8,-3,-11,-19,11,13,3,-3,-12,-1,2,-4,-2,1
2018,1276,1437,2018-04-02,-2,0,-17,-3,-2,-7,-4,-4,-2,-6,-5,-1,-2,1,-2,2,1
2019,1125,1396,2019-03-19,0,0,11,0,-18,2,1,9,8,-12,6,2,0,-1,3,-10,0
2019,1192,1341,2019-03-19,0,0,6,2,-9,-6,-7,8,12,3,10,-5,5,-8,7,-9,0
2019,1113,1385,2019-03-20,0,0,9,0,-20,-3,-19,12,10,-10,9,3,5,-6,1,-4,0
2019,1295,1300,2019-03-20,0,0,4,1,-5,0,-1,2,3,-7,-2,-5,-3,0,1,-6,0
2019,1120,1308,2019-03-21,-7,0,1,1,6,5,6,-6,-6,-5,-10,-1,-6,3,0,5,0
2019,1124,1393,2019-03-21,1,0,9,7,1,4,5,-9,-9,-2,5,8,-1,2,0,3,0
2019,1196,1305,2019-03-21,3,0,9,5,-2,0,-6,-1,-3,-9,0,6,-3,1,0,-2,0
2019,1199,1436,2019-03-21,-9,0,7,-2,2,-13,-20,24,24,5,1,-3,-9,7,1,-9,0
2019,1192,1211,2019-03-21,-15,0,-38,-19,-14,-3,0,3,7,-5,-12,-14,6,-2,-2,-6,1
2019,1242,1318,2019-03-21,-9,0,34,18,4,2,-6,-4,-8,1,17,5,2,-2,1,7,0
2019,1101,1246,2019-03-21,-13,0,-35,-13,-3,1,9,-10,-9,-11,-16,-1,-2,4,2,-2,1
2019,1261,1463,2019-03-21,-11,0,5,1,-11,-4,-20,7,13,0,8,4,2,2,1,-5,0
2019,1125,1268,2019-03-21,-5,0,-2,-3,-4,3,6,1,0,-5,1,2,0,-1,0,-2,1
2019,1276,1285,2019-03-21,-13,0,19,5,-9,-1,-7,10,11,-2,11,5,2,-2,-2,-5,0
2019,1133,1277,2019-03-21,-13,0,-11,-1,-2,4,2,-13,-8,-5,-5,3,1,0,-2,4,1
2019,1257,1278,2019-03-21,3,0,-10,-3,1,-2,-1,-2,-9,-2,2,6,0,0,-3,7,1
2019,1266,1293,2019-03-21,7,0,-19,-6,18,-1,13,-6,-12,11,-9,-17,0,3,0,6,1
2019,1330,1345,2019-03-21,-11,0,-13,-2,14,-3,-5,-6,-12,4,-8,-8,-2,3,3,8,1
2019,1388,1437,2019-03-21,-5,0,-4,-1,6,0,2,-2,-3,5,-1,-2,1,0,0,6,1
2019,1371,1459,2019-03-21,-3,0,-16,-1,8,-4,-1,-10,-8,5,1,1,4,1,-1,5,1
2019,1113,1138,2019-03-22,-5,0,-17,-5,0,-7,-5,0,-6,-7,-9,-3,-4,2,3,2,1
2019,1181,1295,2019-03-22,-15,0,23,12,7,0,-10,-1,3,2,2,7,-7,5,5,-3,0
2019,1209,1222,2019-03-22,-11,0,-29,-15,-4,-2,-6,3,4,-6,-18,-17,-4,3,-4,-3,1
2019,1153,1234,2019-03-22,3,0,-7,-1,12,-5,5,0,-2,5,-6,-6,-7,3,1,3,1
2019,1251,1280,2019-03-22,7,0,4,-1,0,4,3,2,2,-1,-3,5,-2,-3,-7,-7,0
2019,1233,1314,2019-03-22,-15,0,-15,-13,-20,8,19,3,0,-18,-8,-5,0,3,1,-2,1
2019,1235,1326,2019-03-22,5,0,-3,0,-5,1,2,-4,-4,-6,-1,-3,1,2,0,3,1
2019,1279,1328,2019-03-22,1,0,-23,-5,3,5,18,-18,-22,2,-3,1,7,-9,0,11,1
2019,1332,1458,2019-03-22,7,0,18,8,-9,1,-15,1,-2,-10,9,3,-1,-2,4,-1,0
2019,1159,1397,2019-03-22,-13,0,-7,-5,-8,6,3,-3,-5,-4,0,-3,5,-4,-4,3,1
2019,1297,1403,2019-03-22,-11,0,-15,-5,9,-1,5,-4,-9,10,-2,-7,6,-1,-5,8,1
2019,1243,1414,2019-03-22,9,0,-6,0,9,-1,4,-5,-4,5,-4,0,-1,-4,0,5,1
2019,1416,1433,2019-03-22,1,0,15,9,-4,3,-12,-6,-6,-3,11,6,3,-2,3,-2,0
2019,1205,1438,2019-03-22,-15,0,-15,-6,-4,2,0,-5,-9,-7,-7,-2,1,-5,-1,7,1
2019,1387,1439,2019-03-22,-9,0,-14,-1,4,0,13,-12,-11,6,1,-4,7,-3,4,9,1
2019,1429,1449,2019-03-22,1,0,-17,-6,3,-3,3,-2,-1,8,-2,-1,6,-7,-2,0,1
2019,1120,1242,2019-03-23,1,0,14,5,2,7,11,-3,-3,-7,-4,4,-9,5,2,4,0
2019,1199,1293,2019-03-23,-8,0,28,16,10,4,9,-8,-12,2,10,14,-1,3,4,8,0
2019,1124,1211,2019-03-23,-8,0,-12,-6,3,-3,1,3,1,-1,-11,-9,-1,0,-4,-1,1
2019,1246,1459,2019-03-23,-5,0,6,0,-4,-5,-14,11,11,2,4,-1,0,4,-1,-4,0
2019,1261,1268,2019-03-23,-3,0,2,3,2,-2,-4,-2,-7,-4,-4,0,-2,0,-3,3,0
2019,1196,1276,2019-03-23,-8,0,-15,-5,-2,2,5,-7,-10,-6,-7,-2,-1,0,-3,3,1
2019,1277,1278,2019-03-23,-8,0,20,10,-10,4,-7,-4,-3,4,22,9,16,-6,2,5,0
2019,1345,1437,2019-03-23,-3,0,26,9,-4,5,-8,3,5,3,15,12,2,-4,2,-2,0
2019,1181,1416,2019-03-24,-8,0,1,4,13,1,7,-8,-8,6,-4,-1,-3,3,-2,2,0
2019,1222,1326,2019-03-24,-8,0,15,7,7,-5,-10,6,9,3,3,-2,-8,8,2,0,0
2019,1314,1449,2019-03-24,-8,0,22,9,3,0,-8,4,0,7,17,10,3,-2,-5,3,0
2019,1332,1414,2019-03-24,-1,0,19,7,8,8,7,-3,-5,0,-3,8,-8,5,5,3,0
2019,1234,1397,2019-03-24,-8,0,-6,-5,-1,-1,1,5,9,0,-7,-4,-5,0,-2,-2,1
2019,1138,1403,2019-03-24,-3,0,-20,-8,-4,4,11,-8,-3,-2,-11,0,2,-1,-2,4,1
2019,1328,1438,2019-03-24,-8,0,-12,-8,-4,1,-2,3,1,-2,-5,-1,1,-3,-5,-1,1
2019,1251,1439,2019-03-24,-8,0,-9,-6,-10,3,15,0,-2,-4,3,0,5,-8,3,1,1
2019,1199,1211,2019-03-28,-3,0,-14,-1,-1,-4,1,-8,-9,-6,-3,-1,0,3,0,4,1
2019,1345,1397,2019-03-28,1,0,5,0,-5,3,7,2,5,0,5,0,1,-1,0,-3,0
2019,1276,1403,2019-03-28,1,0,-19,-8,-6,-5,0,2,7,3,1,-3,6,-3,-2,-4,1
2019,1332,1438,2019-03-28,-11,0,-4,-3,-11,0,-8,2,3,-5,2,-6,3,1,-1,1,1
2019,1120,1314,2019-03-29,4,0,17,8,1,10,9,-9,-5,-4,0,5,-3,1,4,1,0
2019,1181,1439,2019-03-29,-3,0,2,6,-6,-3,-6,-7,-8,-9,3,3,0,2,3,0,0
2019,1222,1246,2019-03-29,-1,0,-4,-1,7,3,8,-5,-7,-3,-10,0,-6,2,-1,10,1
2019,1261,1277,2019-03-29,-1,0,-17,-7,-5,-7,-11,4,6,-1,-6,-14,2,0,-6,0,1
2019,1211,1403,2019-03-30,2,0,-6,0,2,-2,3,-4,-3,5,3,4,3,-1,-3,2,1
2019,1345,1438,2019-03-30,-2,0,-5,0,-10,5,5,-10,-10,-9,1,-5,4,-5,1,3,1
2019,1120,1246,2019-03-31,3,0,6,-1,4,2,2,6,3,1,-5,-6,-5,5,2,2,0
2019,1181,1277,2019-03-31,1,0,-1,-4,-13,1,2,6,7,2,9,-4,10,-7,6,-2,1
2019,1277,1403,2019-04-06,1,0,-10,-7,-4,-2,1,6,5,5,1,-2,4,-3,-2,-3,1
2019,1120,1438,2019-04-06,-4,0,-1,-4,4,2,12,5,2,4,-2,-6,-3,2,-6,0,1
2019,1403,1438,2019-04-08,-2,0,-8,0,4,-1,6,-7,-8,-2,-5,-6,-3,2,0,3,1
2021,1179,1455,2021-03-18,0,0,1,1,-3,4,1,-5,-12,-5,4,6,3,-3,-2,3,0
2021,1111,1313,2021-03-18,0,0,-1,-4,4,-1,18,8,7,7,6,-3,3,-5,6,-6,1
2021,1291,1411,2021-03-18,0,0,-8,-3,-8,0,8,-2,-3,-5,3,0,4,-1,5,-2,1
2021,1277,1417,2021-03-18,0,0,-6,-2,-6,-3,0,1,-2,-1,3,3,3,0,3,4,1
2021,1116,1159,2021-03-19,-11,0,17,6,7,-7,-11,12,12,2,-3,-6,-12,8,2,-9,0
2021,1124,1216,2021-03-19,-15,0,24,12,21,6,11,-6,-5,10,2,5,-14,10,-1,1,0
2021,1196,1439,2021-03-19,-3,0,5,2,-11,-2,-10,3,6,-1,14,-2,4,-1,1,-5,0
2021,1156,1222,2021-03-19,-13,0,-31,-12,-17,-1,-10,-6,-6,-10,-5,-4,5,-1,-3,8,1
2021,1180,1228,2021-03-19,-15,0,-29,-17,-1,5,13,0,-4,1,-10,-9,4,-3,0,-1,1
2021,1210,1260,2021-03-19,-1,0,-11,2,-6,-8,-17,-7,-10,-11,-2,-8,3,1,5,10,1
2021,1317,1345,2021-03-19,9,0,9,3,-10,0,-9,3,1,-12,3,1,-6,2,-3,0,0
2021,1251,1329,2021-03-19,-9,0,-9,-2,-1,5,6,-10,-16,-7,2,7,3,-2,0,5,1
2021,1326,1331,2021-03-19,13,0,-3,4,-3,-6,-12,-5,0,2,12,2,10,-8,4,1,1
2021,1333,1397,2021-03-19,7,0,14,6,-7,5,-5,-3,-2,-3,10,10,4,-3,4,-3,0
2021,1155,1353,2021-03-19,3,0,-4,-2,1,-2,-11,2,0,-4,-6,3,-3,0,-2,0,1
2021,1361,1393,2021-03-19,5,0,-16,-2,20,-4,13,-8,-6,8,-6,2,-8,6,-7,-1,1
2021,1403,1429,2021-03-19,-5,0,12,4,12,3,-1,1,-2,-2,-6,2,-15,5,-6,1,0
2021,1437,1457,2021-03-19,-7,0,10,2,-6,1,3,5,7,-3,0,-2,-4,3,8,-2,0
2021,1287,1452,2021-03-19,-11,0,-17,-6,-13,1,1,-6,-6,-2,4,-1,12,-6,1,-2,1
2021,1314,1458,2021-03-19,1,0,-23,-6,4,-8,-14,-3,-2,3,-7,-5,4,-3,-3,3,1
2021,1101,1400,2021-03-20,11,0,1,2,27,-4,-2,1,1,8,-8,-6,-13,5,-9,-1,0
2021,1104,1233,2021-03-20,-13,0,13,2,-6,0,-7,9,18,5,7,2,-1,3,-5,-2,0
2021,1160,1207,2021-03-20,-7,0,23,11,-2,8,1,-7,-12,-5,6,15,-1,-2,-1,1,0
2021,1166,1364,2021-03-20,-7,0,1,4,1,2,4,-9,-10,-3,-5,3,1,2,0,-2,0
2021,1199,1422,2021-03-20,-9,0,10,6,-12,-7,-18,5,7,-2,11,1,5,-4,5,-3,0
2021,1211,1313,2021-03-20,-15,0,43,15,-1,7,6,6,2,5,16,17,2,1,3,1,0
2021,1213,1234,2021-03-20,-13,0,-12,1,16,-3,4,-11,-13,5,-8,2,0,0,-2,5,1
2021,1186,1242,2021-03-20,-11,0,-9,-5,-13,-2,-4,3,2,-6,3,-2,7,-5,1,1,1
2021,1261,1382,2021-03-20,-1,0,15,4,-1,5,5,2,2,4,12,1,4,-1,0,1,0
2021,1163,1268,2021-03-20,3,0,-9,-1,22,-2,5,-5,-2,18,-6,-3,0,2,1,3,1
2021,1276,1411,2021-03-20,-15,0,16,3,-10,8,14,2,4,-1,11,12,4,-4,2,1,0
2021,1325,1438,2021-03-20,9,0,4,0,-10,-1,-8,5,4,0,7,2,6,-4,-5,-4,0
2021,1281,1328,2021-03-20,-1,0,-4,-1,3,4,12,-6,-8,1,3,1,2,0,0,2,1
2021,1140,1417,2021-03-20,5,0,-11,-3,-7,-5,-2,0,0,0,4,-5,7,-2,-1,0,1
2021,1179,1425,2021-03-20,-5,0,-16,-9,10,1,5,1,-4,3,-7,-9,-1,2,-6,7,1
2021,1116,1403,2021-03-21,-3,0,2,4,1,-6,-3,0,-1,-2,4,-2,0,-3,-2,-3,0
2021,1124,1458,2021-03-21,-8,0,13,0,0,0,-4,13,16,-2,-2,2,-9,6,-5,-3,0
2021,1222,1353,2021-03-21,-8,0,3,0,9,1,6,2,6,8,-2,-3,-3,5,1,-4,0
2021,1228,1260,2021-03-21,7,0,-13,-4,-2,0,4,-5,-9,-2,-2,-2,7,-7,-2,2,1
2021,1196,1331,2021-03-21,8,0,-3,6,1,-3,-8,-12,-14,5,9,0,8,-5,3,8,1
2021,1329,1333,2021-03-21,8,0,-10,-3,11,2,6,-6,3,2,-24,1,-10,8,-9,5,1
2021,1393,1452,2021-03-21,8,0,3,1,-18,3,5,-2,0,-13,3,0,1,-2,5,-1,0
2021,1317,1437,2021-03-21,-8,0,-23,-10,-4,-7,-4,4,3,2,-2,-7,4,-4,0,2,1
2021,1104,1268,2021-03-22,-8,0,19,3,6,6,6,7,3,11,9,2,1,-1,3,-1,0
2021,1166,1325,2021-03-22,-8,0,14,6,-6,2,-9,0,-3,-3,0,0,-3,0,1,-1,0
2021,1160,1199,2021-03-22,-1,0,-18,-4,10,0,8,-10,-10,10,-5,-4,5,-5,-1,7,1
2021,1211,1328,2021-03-22,-7,0,16,-1,-1,3,6,15,14,3,4,2,-2,3,-6,-9,0
2021,1261,1276,2021-03-22,-7,0,-8,-1,17,-4,-4,-2,-2,2,-11,-14,-8,4,1,3,1
2021,1234,1332,2021-03-22,5,0,-15,-7,0,-3,0,2,3,2,-3,-3,1,0,-2,0,1
2021,1101,1417,2021-03-22,-3,0,-20,-10,-1,-3,0,3,-2,-4,-7,-2,2,-1,-2,0,1
2021,1242,1425,2021-03-22,3,0,-34,-14,6,-5,7,-1,-5,2,-14,-6,-6,5,-2,3,1
2021,1116,1331,2021-03-27,-12,0,2,3,16,-7,-22,3,2,11,1,-3,-3,4,-1,3,0
2021,1124,1437,2021-03-27,-4,0,11,6,13,0,2,-1,-1,2,-5,1,-10,7,-1,-2,0
2021,1222,1393,2021-03-27,-9,0,16,9,10,2,3,-4,-3,7,3,10,-4,5,0,-1,0
2021,1260,1333,2021-03-27,4,0,-7,-3,3,0,10,-1,4,3,-2,1,1,0,2,4,1
2021,1166,1211,2021-03-28,-4,0,-18,-6,12,-4,-1,-2,-2,2,-11,-12,-6,4,-2,0,1
2021,1199,1276,2021-03-28,-3,0,-18,-5,1,2,9,-10,-17,-2,-4,-9,7,2,2,12,1
2021,1104,1417,2021-03-28,9,0,-10,1,-5,-3,-1,-9,0,-1,4,-3,7,-2,-2,2,1
2021,1332,1425,2021-03-28,-1,0,-14,-5,15,-5,4,1,0,8,-7,0,-2,2,-1,3,1
2021,1116,1124,2021-03-29,-2,0,-9,-4,-8,-5,-4,4,6,0,5,-4,7,-4,0,-3,1
2021,1222,1333,2021-03-29,-10,0,6,-2,15,5,16,5,4,11,0,3,-3,2,2,-8,0
2021,1211,1425,2021-03-30,-5,0,19,9,4,3,6,-2,-2,4,7,12,0,-1,3,3,0
2021,1276,1417,2021-03-30,10,0,-2,-1,-3,0,-2,0,4,2,3,0,6,0,1,-3,1
2021,1124,1222,2021-04-03,-1,0,19,8,0,5,5,-2,-3,-2,5,13,-2,2,-5,8,0
2021,1211,1417,2021-04-03,-10,0,3,3,4,-1,4,-2,-1,-3,-5,4,1,4,2,0,0
2021,1124,1211,2021-04-05,0,0,16,5,18,5,6,1,-3,13,4,2,-7,4,2,2,0
2022,1231,1461,2022-03-15,0,0,8,6,16,-4,-6,0,2,5,-1,4,-11,1,2,5,0
2022,1394,1411,2022-03-15,0,0,-9,2,12,4,8,-17,-16,-1,-5,8,-7,5,-6,4,1
2022,1323,1353,2022-03-16,0,0,2,1,1,-5,-8,5,10,-6,-6,-5,-8,5,-4,-7,0
2022,1136,1460,2022-03-16,0,0,-11,2,10,-5,3,-10,-9,-2,-7,-12,-2,5,1,4,1
2022,1116,1436,2022-03-17,-9,0,4,-2,-2,-2,-3,10,8,0,4,-1,-1,1,2,-2,0
2022,1124,1313,2022-03-17,-15,0,36,13,-3,6,5,4,11,-2,11,17,-2,0,2,-3,0
2022,1166,1361,2022-03-17,1,0,3,-2,-8,-3,-5,10,7,0,9,0,5,2,-6,-3,0
2022,1209,1211,2022-03-17,-15,0,-21,-13,-1,1,-2,4,-5,-4,-13,-11,0,0,-4,7,1
2022,1242,1411,2022-03-17,-15,0,27,15,10,8,9,-11,-10,4,6,8,1,2,-5,7,0
2022,1129,1272,2022-03-17,1,0,-11,-7,3,1,9,2,5,1,-7,-5,-7,4,-1,-4,1
2022,1161,1276,2022-03-17,5,0,-12,-3,17,8,21,-14,-15,4,-15,1,-6,5,-4,8,1
2022,1293,1362,2022-03-17,-3,0,5,-1,-4,-3,-14,10,13,2,8,7,3,-2,-5,-3,0
2022,1163,1308,2022-03-17,7,0,-7,-1,1,-4,6,-1,0,-3,1,3,1,1,3,1,1
2022,1266,1314,2022-03-17,-1,0,-32,-8,-1,-5,-4,-11,-9,-2,-11,-14,-1,1,3,4,1
2022,1344,1355,2022-03-17,-9,0,9,2,4,1,-1,4,3,6,2,1,-1,0,-3,1,0
2022,1234,1350,2022-03-17,7,0,-4,0,9,1,12,-5,-4,4,0,0,-2,1,0,4,1
2022,1231,1388,2022-03-17,-7,0,-29,-13,-7,-8,-11,5,3,-4,-7,-8,4,-3,-1,4,1
2022,1246,1389,2022-03-17,13,0,-6,-3,4,-5,-2,5,14,7,-4,0,-3,2,2,-8,1
2022,1255,1397,2022-03-17,-11,0,-32,-13,-3,-7,-2,1,0,1,-7,-14,3,-4,0,-1,1
2022,1103,1417,2022-03-17,-9,0,-4,2,-1,-4,-5,-4,-5,1,5,-10,3,-3,-4,4,1
2022,1112,1460,2022-03-18,-15,0,17,9,-9,2,-5,-3,-7,5,15,8,13,-6,6,3,0
2022,1120,1240,2022-03-18,-13,0,19,9,2,1,-1,0,4,7,8,14,2,-5,9,-4,0
2022,1168,1181,2022-03-18,-13,0,-17,-6,6,-4,-5,-1,-1,3,-11,-11,-5,2,-9,-1,1
2022,1222,1412,2022-03-18,-7,0,14,6,4,5,2,-3,1,3,-1,7,-5,0,2,-2,0
2022,1151,1228,2022-03-18,-9,0,-1,2,16,1,-2,-6,-8,6,-5,-7,-4,3,-4,5,1
2022,1235,1261,2022-03-18,5,0,5,3,10,8,18,-9,-13,-1,-2,3,-9,8,3,6,0
2022,1274,1425,2022-03-18,3,0,2,0,6,-8,-6,10,10,-3,-7,-4,-15,11,1,-2,0
2022,1172,1277,2022-03-18,-3,0,-1,0,0,3,-1,-4,-3,-3,-1,1,0,-1,-1,4,1
2022,1104,1323,2022-03-18,5,0,-14,-3,10,-2,8,-6,-4,6,-5,3,-4,-1,3,1,1
2022,1260,1326,2022-03-18,-3,0,-13,-3,13,7,13,-14,-11,2,-14,6,-4,2,-3,3,1
2022,1345,1463,2022-03-18,-11,0,22,-1,-12,3,5,21,22,4,8,1,-1,4,0,-8,0
2022,1371,1395,2022-03-18,1,0,-27,-12,-1,2,11,-5,-3,-2,-12,-6,1,1,1,2,1
2022,1400,1439,2022-03-18,-5,0,8,4,10,6,7,-6,-4,4,-4,6,-6,5,1,3,0
2022,1286,1403,2022-03-18,-11,0,-35,-15,1,-4,4,-1,-4,1,-11,-9,3,-1,-4,4,1
2022,1174,1437,2022-03-18,-13,0,-20,-6,-5,-10,-8,2,4,-4,-6,-7,0,3,0,1,1
2022,1159,1458,2022-03-18,-11,0,-7,-4,-5,4,5,-3,-5,-2,0,-1,5,-3,-2,3,1
2022,1116,1308,2022-03-19,-8,0,5,-4,-2,-3,-10,16,15,-1,-2,2,-6,8,-3,-1,0
2022,1211,1272,2022-03-19,-8,0,4,0,-12,5,8,-1,4,-2,2,6,0,0,2,-8,0
2022,1166,1242,2022-03-19,-8,0,-7,-6,-7,6,12,-1,1,-7,-11,4,1,1,-4,-5,1
2022,1276,1397,2022-03-19,8,0,8,-1,-13,4,-2,6,8,-4,6,0,8,-3,2,-6,0
2022,1124,1314,2022-03-19,7,0,-7,0,24,-2,12,-5,-10,8,-13,-11,-7,3,0,1,1
2022,1344,1350,2022-03-19,-8,0,28,7,1,11,0,3,-7,0,11,9,0,2,-1,2,0
2022,1293,1389,2022-03-19,8,0,-10,-4,-1,5,11,-7,-6,1,-9,-1,2,3,0,2,1
2022,1388,1417,2022-03-19,-1,0,-16,-6,3,3,12,-7,-7,4,-4,-2,3,0,1,4,1
2022,1112,1395,2022-03-20,-8,0,5,5,-6,-1,1,-4,-5,-4,3,3,2,-1,1,-1,0
2022,1181,1277,2022-03-20,-5,0,9,5,-9,-6,-9,5,9,-5,2,-1,3,2,1,-7,0
2022,1222,1228,2022-03-20,1,0,15,8,9,0,-3,-1,1,9,2,-1,-7,2,4,1,0
2022,1235,1458,2022-03-20,8,0,5,6,11,1,-8,-8,-9,1,-2,5,-3,3,-4,7,0
2022,1120,1274,2022-03-20,8,0,-18,-11,3,2,11,2,4,10,-1,-8,9,-9,2,8,1
2022,1345,1400,2022-03-20,-3,0,10,-6,-25,-4,-11,26,34,-3,15,-6,5,-2,1,-13,0
2022,1323,1403,2022-03-20,-8,0,-6,-4,-7,5,13,-3,-2,-3,0,-2,3,-5,-2,-3,1
2022,1326,1437,2022-03-20,-5,0,-10,1,5,-1,-1,-11,-9,4,3,2,3,-3,2,4,1
2022,1116,1211,2022-03-24,3,0,6,5,8,2,4,-6,-6,-2,-3,4,-6,1,3,3,0
2022,1181,1403,2022-03-24,-1,0,5,-3,-12,1,0,10,8,-5,4,0,1,0,3,-2,0
2022,1112,1222,2022-03-24,4,0,-12,-5,4,-2,2,0,-2,3,-5,0,3,2,-3,2,1
2022,1276,1437,2022-03-24,-9,0,-8,-1,2,-3,-12,-3,2,3,-1,1,1,-2,2,-1,1
2022,1242,1344,2022-03-25,-3,0,5,-1,-12,-2,-9,9,12,-2,6,-3,3,-1,7,-6,0
2022,1235,1274,2022-03-25,-1,0,-14,-1,12,-5,-4,-7,-10,8,-1,-5,3,-5,-3,6,1
2022,1314,1417,2022-03-25,4,0,7,-1,4,5,17,4,4,8,4,0,2,-5,-3,-2,0
2022,1345,1389,2022-03-25,12,0,-3,2,0,-1,0,-6,-6,4,12,2,6,-7,-2,-1,1
2022,1116,1181,2022-03-26,-2,0,-9,-3,9,2,10,-5,-7,2,-4,4,-3,-1,0,0,1
2022,1222,1437,2022-03-26,-3,0,-6,2,5,-4,-1,-6,-1,3,-3,1,0,3,2,2,1
2022,1242,1274,2022-03-27,-9,0,26,10,3,2,-7,4,13,1,12,11,-4,0,-1,-4,0
2022,1314,1389,2022-03-27,-7,0,20,7,1,2,6,4,11,8,8,4,-1,2,-2,-6,0
2022,1242,1437,2022-04-02,-1,0,16,7,-3,0,-7,2,3,-2,8,6,-2,1,4,-3,0
2022,1181,1314,2022-04-02,6,0,-4,3,8,-5,-4,-5,-4,-2,-8,5,-6,5,-1,-1,1
2022,1242,1314,2022-04-04,-7,0,3,6,-7,1,-6,-10,-8,-13,-2,2,-4,4,-1,3,0
